
==========================================
TCC Auto Scrape: Fri Jun 12 09:00:05 CDT 2026
==========================================

============================================================
Twin City Cannabis — Scraper v3
2026-06-12 09:00:07
============================================================

Fetching dispensary listings from Weedmaps...
Found 100 dispensaries
Saved 100 entries to /Users/joshsundby/Code/apps/twincitycannabis/scraper/data/dispensaries.json

============================================================
DISPENSARIES: 100
============================================================
  TCC  95 | Dispensary of Watertown                       | Watertown       |  51 reviews
  TCC  94 | Levels Cannabis - Ironwood                    | Ironwood        | 264 reviews
  TCC  93 | Off The Path Cannabis Dispensary              | Morton          | 153 reviews
  TCC  93 | ANANG Native Cannabis Co.                     | Cloquet         | 307 reviews
  TCC  92 | Hempire LLC                                   | Rochester       |  20 reviews
  TCC  92 | The Dispensary - SD                           | Harrisburg      |  39 reviews
  TCC  92 | nuEra - East Dubuque                          | East Dubuque    |  24 reviews
  TCC  91 | Bridge City Collective                        | East Dubuque    |  19 reviews
  TCC  90 | Wildflower North Loop                         | Minneapolis     |   1 reviews
  TCC  90 | Unanimous Cannabis                            | Minneapolis     |  18 reviews
  TCC  90 | Twin Cities High                              | Golden Valley   |   1 reviews
  TCC  90 | Lucky Strains Cannabis Dispensary             | New Brighton    |   4 reviews
  TCC  90 | Green Rose                                    | Minneapolis     |   3 reviews
  TCC  90 | DNA Dispensary                                | Saint Paul      |  23 reviews
  TCC  90 | MnLooN - St. Paul                             | Saint Paul      |   3 reviews
  TCC  90 | Lake Daze                                     | Hopkins         |   1 reviews
  TCC  90 | Edina Canna                                   | Edina           |  27 reviews
  TCC  90 | Feelin' MN                                    | Little Canada   |   8 reviews
  TCC  90 | Loon Leaf                                     | Blaine          |   4 reviews
  TCC  90 | Blaine Dispensary                             | Blaine          |   6 reviews
  TCC  90 | MN THC CO - LAKEVILLE                         | Lakeville       |   4 reviews
  TCC  90 | Green Canopy Craft Dispensary                 | Lakeland Shores |   1 reviews
  TCC  90 | The Cannabis Co.                              | St. Michael     |   2 reviews
  TCC  90 | Northern Crown Cannabis                       | Isanti          |   5 reviews
  TCC  90 | Mn thc co - Dundas                            | Dundas          |   1 reviews
  TCC  90 | Lake Leaf Dispensary                          | Isle            |   1 reviews
  TCC  90 | Lake Leaf Dispensary                          | Onamia          |  20 reviews
  TCC  90 | Winona Dispensary                             | Winona          |   2 reviews
  TCC  90 | Farmer’s Cannabis Co.                         | Aitkin          |   2 reviews
  TCC  90 | MN Roots Alexandria                           | Alexandria      |   4 reviews
  TCC  90 | ANANG Tasting Lounge & Dispensary             | Carlton         |   2 reviews
  TCC  90 | MN Roots - Crosslake                          | Crosslake       |   1 reviews
  TCC  90 | La Canna                                      | La Crescent     |   4 reviews
  TCC  90 | North Shore Dispensary                        | Duluth          |   4 reviews
  TCC  90 | Lake Superior Dispensary                      | Duluth          |   1 reviews
  TCC  90 | Loonatixz Genetixz                            | Grand Rapids    |   2 reviews
  TCC  90 | Two Harbors Cannabis                          | Two Harbors     |   1 reviews
  TCC  90 | High Fidelity                                 | Luverne         |   7 reviews
  TCC  90 | Coastless                                     | Luverne         |   3 reviews
  TCC  90 | High Profile - Ironwood                       | Ironwood        |   8 reviews
  TCC  90 | Genesis Farms - Sioux Falls                   | Sioux Falls     |  44 reviews
  TCC  90 | Roy'zzz of Sioux Falls                        | Sioux Falls     |   6 reviews
  TCC  90 | East River Farms Medical Dispensary           | Sioux Falls     |   8 reviews
  TCC  90 | Unwind Dispensary                             | Moorhead        |   6 reviews
  TCC  89 | Wildflower                                    | Minneapolis     |  15 reviews
  TCC  89 | BlooMn                                        | Minneapolis     |  15 reviews
  TCC  89 | RISE Dispensary St. Paul                      | Saint Paul      |  14 reviews
  TCC  89 | Fridley Dispensary                            | Fridley         |   5 reviews
  TCC  89 | Minnesota Canna                               | Edina           |  17 reviews
  TCC  89 | Legacy Cannabis Woodbury                      | Woodbury        |  32 reviews
  TCC  89 | High 10 Dispensary                            | Ramsey          |   5 reviews
  TCC  89 | The Stash & Co                                | Rush City       |   5 reviews
  TCC  89 | Legacy Cannabis Duluth                        | Duluth          |  21 reviews
  TCC  88 | Frostbite Dispensary                          | Roseville       |  14 reviews
  TCC  88 | Minne Organix                                 | Victoria        |   6 reviews
  TCC  88 | Strains of the Earth                          | Jordan          |   9 reviews
  TCC  87 | Sweetleaves                                   | Minneapolis     |   7 reviews
  TCC  87 | higherplace                                   | Chaska          |  14 reviews
  TCC  86 | Legacy Cannabis Minneapolis                   | Minneapolis     |   2 reviews
  TCC  86 | Anoka Cannabis Company                        | Anoka           |   5 reviews
  TCC  86 | Legit Cannabis                                | Rosemount       |  10 reviews
  TCC  85 | Hopkins Dispensary                            | Hopkins         |  16 reviews
  TCC  85 | Island Peži                                   | Welch           |  46 reviews
  TCC  85 | RISE Dispensary St. Cloud                     | St. Cloud       |  11 reviews
  TCC  85 | Lake Leaf Dispensary                          | Hinckley        |  15 reviews
  TCC  85 | Iowa Cannabis Company                         | Waterloo        |   4 reviews
  TCC  82 | Waabigwan Mashkiki - Moorhead                 | Moorhead        |  15 reviews
  TCC  82 | NativeCare - Red Lake                         | Blackduck       |  21 reviews
  TCC  81 | MnLooN - Minneapolis                          | Minneapolis     |   3 reviews
  TCC  80 | Waabigwan Mashkiki - St. Cloud                | St. Cloud       |  27 reviews
  TCC  79 | Dinky Dope Dispensary                         | Minneapolis     |   2 reviews
  TCC  78 | Nativecare - West St Paul                     | West St. Paul   |   4 reviews
  TCC  77 | Waabigwan Mashkiki - Mahnomen                 | Mahnomen        |  10 reviews
  TCC  76 | 5D Dispensary                                 | East Bethel     |   2 reviews
  TCC  73 | RISE Dispensary Eagan                         | Eagan           |  10 reviews
  TCC  70 | Cali Cannabis Dispensary Uptown               | Minneapolis     |   0 reviews
  TCC  70 | Watchtower Dispensary                         | Minneapolis     |   0 reviews
  TCC  70 | Bloom Wellness Dispensary - St Paul           | Saint Paul      |   0 reviews
  TCC  70 | Potshotz                                      | Saint Paul      |   0 reviews
  TCC  70 | Fort Road Cannabis                            | Saint Paul      |   0 reviews
  TCC  70 | Holy Smokes Cannabis                          | Minneapolis     |   0 reviews
  TCC  70 | Fullmelt Factory                              | Maple Grove     |   0 reviews
  TCC  70 | Green Box Cannabis                            | Lakeville       |   0 reviews
  TCC  70 | Litt Dispensaries LLC                         | Andover         |   0 reviews
  TCC  70 | Green 2 Go Dispensary                         | Hastings        |   0 reviews
  TCC  70 | Grazzhopper                                   | Big Lake        |   0 reviews
  TCC  70 | O'Buds Dispensary                             | Annandale       |   0 reviews
  TCC  70 | Healing Harvest                               | St. Peter       |   0 reviews
  TCC  70 | Black Bear Weed Dispensary Winona             | Winona          |   0 reviews
  TCC  70 | HWS Cannabis Company                          | Moose Lake      |   0 reviews
  TCC  70 | MN Roots Jenkins                              | Jenkins         |   0 reviews
  TCC  70 | Pipestone recreational Dispensary             | Pipestone       |   0 reviews
  TCC  70 | Genesis Farms - Brookings                     | Brookings       |   0 reviews
  TCC  70 | Dakota Dispensaries                           | Watertown       |   0 reviews
  TCC  70 | Ishkode Dispensary                            | Tower           |   0 reviews
  TCC  70 | Pure Dakota Health - Fargo                    | Fargo           |   0 reviews
  TCC  69 | Pot Mama's - Edina                            | Edina           |   1 reviews
  TCC  62 | Verist Fields                                 | Minneapolis     |   1 reviews
  TCC  62 | Pot Mama's                                    | Mendota Heights |   1 reviews
  TCC  62 | Grounded Gardens                              | Hutchinson      |   1 reviews

Exported 100 dispensaries to /Users/joshsundby/Code/apps/twincitycannabis/scraper/data/dispensaries_export.json
Review and run update_site.py to merge into data.js
PUSH_TRIGGER_TOKEN not set; skipping push trigger.
Loaded 100 total dispensaries from scraper
Merged 54 manually-added dispensaries from manual_dispensaries.json
Filtered to 141 dispensaries (metro + manual includes)
Updated data.js with dispensary data at 2026-06-12 09:00
Bumped freshness timestamp → 2026-06-12T14:00:10.000Z

Live site will update on next GitHub Pages deploy.
  TCC  93 | Off The Path Cannabis Dispensary         | Morton
  TCC  93 | ANANG Native Cannabis Co.                | Cloquet
  TCC  92 | Hempire LLC                              | Rochester
  TCC  90 | Wildflower North Loop                    | Minneapolis
  TCC  90 | Unanimous Cannabis                       | Minneapolis
  TCC  90 | Twin Cities High                         | Golden Valley
  TCC  90 | Lucky Strains Cannabis Dispensary        | New Brighton
  TCC  90 | Green Rose                               | Minneapolis
  TCC  90 | DNA Dispensary                           | Saint Paul
  TCC  90 | MnLooN - St. Paul                        | Saint Paul
  TCC  90 | Lake Daze                                | Hopkins
  TCC  90 | Edina Canna                              | Edina
  TCC  90 | Feelin' MN                               | Little Canada
  TCC  90 | Loon Leaf                                | Blaine
  TCC  90 | Blaine Dispensary                        | Blaine
  TCC  90 | MN THC CO - LAKEVILLE                    | Lakeville
  TCC  90 | Green Canopy Craft Dispensary            | Lakeland Shores
  TCC  90 | The Cannabis Co.                         | St. Michael
  TCC  90 | Northern Crown Cannabis                  | Isanti
  TCC  90 | Mn thc co - Dundas                       | Dundas
  TCC  90 | Lake Leaf Dispensary                     | Isle
  TCC  90 | Lake Leaf Dispensary                     | Onamia
  TCC  90 | Winona Dispensary                        | Winona
  TCC  90 | Farmer’s Cannabis Co.                    | Aitkin
  TCC  90 | MN Roots Alexandria                      | Alexandria
  TCC  90 | ANANG Tasting Lounge & Dispensary        | Carlton
  TCC  90 | MN Roots - Crosslake                     | Crosslake
  TCC  90 | La Canna                                 | La Crescent
  TCC  90 | North Shore Dispensary                   | Duluth
  TCC  90 | Lake Superior Dispensary                 | Duluth
  TCC  90 | Loonatixz Genetixz                       | Grand Rapids
  TCC  90 | Two Harbors Cannabis                     | Two Harbors
  TCC  90 | High Fidelity                            | Luverne
  TCC  90 | Coastless                                | Luverne
  TCC  90 | Unwind Dispensary                        | Moorhead
  TCC  89 | Wildflower                               | Minneapolis
  TCC  89 | BlooMn                                   | Minneapolis
  TCC  89 | RISE Dispensary St. Paul                 | Saint Paul
  TCC  89 | Fridley Dispensary                       | Fridley
  TCC  89 | Minnesota Canna                          | Edina
  TCC  89 | Legacy Cannabis Woodbury                 | Woodbury
  TCC  89 | High 10 Dispensary                       | Ramsey
  TCC  89 | The Stash & Co                           | Rush City
  TCC  89 | Legacy Cannabis Duluth                   | Duluth
  TCC  88 | Frostbite Dispensary                     | Roseville
  TCC  88 | Minne Organix                            | Victoria
  TCC  88 | Strains of the Earth                     | Jordan
  TCC  87 | Sweetleaves                              | Minneapolis
  TCC  87 | higherplace                              | Chaska
  TCC  86 | Legacy Cannabis Minneapolis              | Minneapolis
  TCC  86 | Anoka Cannabis Company                   | Anoka
  TCC  86 | Legit Cannabis                           | Rosemount
  TCC  85 | Hopkins Dispensary                       | Hopkins
  TCC  85 | Island Peži                              | Welch
  TCC  85 | RISE Dispensary St. Cloud                | St. Cloud
  TCC  85 | Lake Leaf Dispensary                     | Hinckley
  TCC  82 | Waabigwan Mashkiki - Moorhead            | Moorhead
  TCC  82 | NativeCare - Red Lake                    | Blackduck
  TCC  81 | MnLooN - Minneapolis                     | Minneapolis
  TCC  80 | Waabigwan Mashkiki - St. Cloud           | St. Cloud
  TCC  80 | NativeCare West St. Paul                 | West St. Paul
  TCC  79 | Dinky Dope Dispensary                    | Minneapolis
  TCC  78 | Nativecare - West St Paul                | West St. Paul
  TCC  78 | Aurora Cannabis MN                       | Prior Lake
  TCC  78 | Fort Road Cannabis                       | Saint Paul
  TCC  77 | Waabigwan Mashkiki - Mahnomen            | Mahnomen
  TCC  76 | 5D Dispensary                            | East Bethel
  TCC  75 | ADHI Enterprise LLC                      | Minneapolis
  TCC  75 | Huff and Puff Smoke Shop                 | Vadnais Heights
  TCC  75 | Twin Cities High LLC                     | Golden Valley
  TCC  75 | CannaJoyMN                               | Minneapolis
  TCC  75 | Silver Therapeutics Cannabis Company     | Stillwater
  TCC  75 | URBAN GREEN Dispensary                   | Brooklyn Park
  TCC  75 | Kodjo's Dispensary                       | St. Paul
  TCC  75 | Midway Cannabis                          | St. Paul
  TCC  75 | Feelin MN LLC                            | Little Canada
  TCC  75 | Flipside Dispensary and Music            | Minneapolis
  TCC  75 | The Lakes Dispensary                     | White Bear Lake
  TCC  75 | Vibes                                    | Shoreview
  TCC  75 | Da Spot Dispensary & Wellness            | Minneapolis
  TCC  75 | st paul cannabis                         | St Paul
  TCC  75 | Chaska Creek Cannabis                    | Chaska
  TCC  75 | Splitrock Farms Dispensary               | Champlin
  TCC  75 | Litt Dispensaries LLC L.L.C              | Andover
  TCC  75 | Rise                                     | St. Paul
  TCC  75 | Green Leaf Depot                         | Savage
  TCC  75 | Great Cannabis LLC                       | Becker
  TCC  75 | Weed Wishes Company                      | Cook
  TCC  75 | ABC Cannabis Co. LLP                     | Alexandria
  TCC  75 | Cuyuna Cannabis                          | Crosby
  TCC  75 | Black Bear Dispensary                    | Winona
  TCC  75 | Deep Roots LLC                           | Loretto
  TCC  75 | Gopher State Ganja LLC                   | Alexandria
  TCC  75 | Farmer's Cannabis Company                | Aitkin
  TCC  75 | Serene Acres Dispensary Inc              | Pipestone
  TCC  75 | The Flower Shop MN LLC                   | Luverne
  TCC  75 | canna corners                            | Thief River Falls
  TCC  75 | The Cannabis Co.                         | St. Michael
  TCC  75 | Altitude Dispensary                      | Monticello
  TCC  75 | 4 North                                  | New Ulm
  TCC  75 | Cloud Nine Farms LLC                     | Wilmar
  TCC  75 | Green Apple Cannabis                     | Breckenridge
  TCC  75 | Aeroflower LLC                           | Welcome
  TCC  75 | OUIDHAUS LLC                             | La Crescent
  TCC  75 | Grounded Gardens LLC                     | Hutchinson
  TCC  75 | Lake of the Woods Cannabis Company       | Baudette
  TCC  75 | Green Grass LLC                          | Luverne
  TCC  75 | Aficionados                              | Albert Lea
  TCC  75 | Pine Mountain Ventures LLC               | Baxter
  TCC  75 | Crafty Canna Mist LLC                    | Mankato
  TCC  75 | Voyager Cannabis Co                      | Mankato
  TCC  75 | Big Dream Organics                       | Albert Lea
  TCC  75 | Hastings Consulting LLC                  | Cross Lake
  TCC  75 | Mountain Sight Vision LLC                | Albert Lea
  TCC  75 | Black Husky LLC                          | Albert Lea
  TCC  75 | The Matchbox Dispensary                  | Albert Lea
  TCC  75 | The Smoking Tree                         | Albert Lea
  TCC  75 | Twin Cities Cannabis                     | Richfield
  TCC  73 | RISE Dispensary Eagan                    | Eagan
  TCC  70 | Cali Cannabis Dispensary Uptown          | Minneapolis
  TCC  70 | Watchtower Dispensary                    | Minneapolis
  TCC  70 | Bloom Wellness Dispensary - St Paul      | Saint Paul
  TCC  70 | Potshotz                                 | Saint Paul
  TCC  70 | Fort Road Cannabis                       | Saint Paul
  TCC  70 | Holy Smokes Cannabis                     | Minneapolis
  TCC  70 | Fullmelt Factory                         | Maple Grove
  TCC  70 | Green Box Cannabis                       | Lakeville
  TCC  70 | Litt Dispensaries LLC                    | Andover
  TCC  70 | Green 2 Go Dispensary                    | Hastings
  TCC  70 | Grazzhopper                              | Big Lake
  TCC  70 | O'Buds Dispensary                        | Annandale
  TCC  70 | Healing Harvest                          | St. Peter
  TCC  70 | Black Bear Weed Dispensary Winona        | Winona
  TCC  70 | HWS Cannabis Company                     | Moose Lake
  TCC  70 | MN Roots Jenkins                         | Jenkins
  TCC  70 | Pipestone recreational Dispensary        | Pipestone
  TCC  70 | Ishkode Dispensary                       | Tower
  TCC  69 | Pot Mama's - Edina                       | Edina
  TCC  62 | Verist Fields                            | Minneapolis
  TCC  62 | Pot Mama's                               | Mendota Heights
  TCC  62 | Grounded Gardens                         | Hutchinson

============================================================
Twin City Cannabis — Direct Menu Scraper

==========================================
TCC Auto Scrape: Fri Jun 12 17:31:01 CDT 2026
==========================================

============================================================
Twin City Cannabis — Scraper v3
2026-06-12 17:31:02
============================================================

Fetching dispensary listings from Weedmaps...
Found 100 dispensaries
Saved 100 entries to /Users/joshsundby/Code/apps/twincitycannabis/scraper/data/dispensaries.json

============================================================
DISPENSARIES: 100
============================================================
  TCC  95 | Dispensary of Watertown                       | Watertown       |  51 reviews
  TCC  94 | Levels Cannabis - Ironwood                    | Ironwood        | 264 reviews
  TCC  93 | Off The Path Cannabis Dispensary              | Morton          | 153 reviews
  TCC  93 | ANANG Native Cannabis Co.                     | Cloquet         | 307 reviews
  TCC  92 | The Dispensary - SD                           | Harrisburg      |  39 reviews
  TCC  92 | nuEra - East Dubuque                          | East Dubuque    |  24 reviews
  TCC  91 | Bridge City Collective                        | East Dubuque    |  19 reviews
  TCC  90 | Wildflower North Loop                         | Minneapolis     |   1 reviews
  TCC  90 | Unanimous Cannabis                            | Minneapolis     |  18 reviews
  TCC  90 | Twin Cities High                              | Golden Valley   |   1 reviews
  TCC  90 | Lucky Strains Cannabis Dispensary             | New Brighton    |   4 reviews
  TCC  90 | Green Rose                                    | Minneapolis     |   3 reviews
  TCC  90 | DNA Dispensary                                | Saint Paul      |  23 reviews
  TCC  90 | MnLooN - St. Paul                             | Saint Paul      |   3 reviews
  TCC  90 | Lake Daze                                     | Hopkins         |   1 reviews
  TCC  90 | Edina Canna                                   | Edina           |  27 reviews
  TCC  90 | Feelin' MN                                    | Little Canada   |   8 reviews
  TCC  90 | Loon Leaf                                     | Blaine          |   4 reviews
  TCC  90 | Blaine Dispensary                             | Blaine          |   6 reviews
  TCC  90 | MN THC CO - LAKEVILLE                         | Lakeville       |   4 reviews
  TCC  90 | Green Canopy Craft Dispensary                 | Lakeland Shores |   1 reviews
  TCC  90 | The Cannabis Co.                              | St. Michael     |   2 reviews
  TCC  90 | Northern Crown Cannabis                       | Isanti          |   5 reviews
  TCC  90 | Mn thc co - Dundas                            | Dundas          |   1 reviews
  TCC  90 | Hempire LLC                                   | Rochester       |  21 reviews
  TCC  90 | Lake Leaf Dispensary                          | Isle            |   1 reviews
  TCC  90 | Lake Leaf Dispensary                          | Onamia          |  20 reviews
  TCC  90 | Winona Dispensary                             | Winona          |   2 reviews
  TCC  90 | Farmer’s Cannabis Co.                         | Aitkin          |   2 reviews
  TCC  90 | ANANG Tasting Lounge & Dispensary             | Carlton         |   2 reviews
  TCC  90 | MN Roots - Crosslake                          | Crosslake       |   1 reviews
  TCC  90 | La Canna                                      | La Crescent     |   4 reviews
  TCC  90 | North Shore Dispensary                        | Duluth          |   4 reviews
  TCC  90 | Lake Superior Dispensary                      | Duluth          |   1 reviews
  TCC  90 | Loonatixz Genetixz                            | Grand Rapids    |   2 reviews
  TCC  90 | Two Harbors Cannabis                          | Two Harbors     |   1 reviews
  TCC  90 | High Fidelity                                 | Luverne         |   7 reviews
  TCC  90 | Coastless                                     | Luverne         |   3 reviews
  TCC  90 | High Profile - Ironwood                       | Ironwood        |   8 reviews
  TCC  90 | Genesis Farms - Sioux Falls                   | Sioux Falls     |  44 reviews
  TCC  90 | Roy'zzz of Sioux Falls                        | Sioux Falls     |   6 reviews
  TCC  90 | East River Farms Medical Dispensary           | Sioux Falls     |   8 reviews
  TCC  90 | Unwind Dispensary                             | Moorhead        |   6 reviews
  TCC  89 | Wildflower                                    | Minneapolis     |  15 reviews
  TCC  89 | BlooMn                                        | Minneapolis     |  15 reviews
  TCC  89 | RISE Dispensary St. Paul                      | Saint Paul      |  14 reviews
  TCC  89 | Fridley Dispensary                            | Fridley         |   5 reviews
  TCC  89 | Minnesota Canna                               | Edina           |  17 reviews
  TCC  89 | Legacy Cannabis Woodbury                      | Woodbury        |  32 reviews
  TCC  89 | High 10 Dispensary                            | Ramsey          |   5 reviews
  TCC  89 | The Stash & Co                                | Rush City       |   5 reviews
  TCC  89 | Legacy Cannabis Duluth                        | Duluth          |  21 reviews
  TCC  88 | Frostbite Dispensary                          | Roseville       |  14 reviews
  TCC  88 | Minne Organix                                 | Victoria        |   6 reviews
  TCC  88 | Strains of the Earth                          | Jordan          |   9 reviews
  TCC  87 | Sweetleaves                                   | Minneapolis     |   7 reviews
  TCC  87 | higherplace                                   | Chaska          |  14 reviews
  TCC  86 | Legacy Cannabis Minneapolis                   | Minneapolis     |   2 reviews
  TCC  86 | Hopkins Dispensary                            | Hopkins         |  17 reviews
  TCC  86 | Anoka Cannabis Company                        | Anoka           |   5 reviews
  TCC  86 | Legit Cannabis                                | Rosemount       |  10 reviews
  TCC  85 | Island Peži                                   | Welch           |  47 reviews
  TCC  85 | RISE Dispensary St. Cloud                     | St. Cloud       |  11 reviews
  TCC  85 | Lake Leaf Dispensary                          | Hinckley        |  15 reviews
  TCC  85 | Iowa Cannabis Company                         | Waterloo        |   4 reviews
  TCC  84 | MN Roots Alexandria                           | Alexandria      |   5 reviews
  TCC  82 | Waabigwan Mashkiki - Moorhead                 | Moorhead        |  15 reviews
  TCC  82 | NativeCare - Red Lake                         | Blackduck       |  21 reviews
  TCC  81 | MnLooN - Minneapolis                          | Minneapolis     |   3 reviews
  TCC  80 | Waabigwan Mashkiki - St. Cloud                | St. Cloud       |  27 reviews
  TCC  79 | Dinky Dope Dispensary                         | Minneapolis     |   2 reviews
  TCC  78 | Nativecare - West St Paul                     | West St. Paul   |   4 reviews
  TCC  77 | Waabigwan Mashkiki - Mahnomen                 | Mahnomen        |  10 reviews
  TCC  76 | 5D Dispensary                                 | East Bethel     |   2 reviews
  TCC  73 | RISE Dispensary Eagan                         | Eagan           |  10 reviews
  TCC  70 | Cali Cannabis Dispensary Uptown               | Minneapolis     |   0 reviews
  TCC  70 | Watchtower Dispensary                         | Minneapolis     |   0 reviews
  TCC  70 | Bloom Wellness Dispensary - St Paul           | Saint Paul      |   0 reviews
  TCC  70 | Potshotz                                      | Saint Paul      |   0 reviews
  TCC  70 | Fort Road Cannabis                            | Saint Paul      |   0 reviews
  TCC  70 | Holy Smokes Cannabis                          | Minneapolis     |   0 reviews
  TCC  70 | Fullmelt Factory                              | Maple Grove     |   0 reviews
  TCC  70 | Green Box Cannabis                            | Lakeville       |   0 reviews
  TCC  70 | Litt Dispensaries LLC                         | Andover         |   0 reviews
  TCC  70 | Green 2 Go Dispensary                         | Hastings        |   0 reviews
  TCC  70 | Grazzhopper                                   | Big Lake        |   0 reviews
  TCC  70 | O'Buds Dispensary                             | Annandale       |   0 reviews
  TCC  70 | Healing Harvest                               | St. Peter       |   0 reviews
  TCC  70 | Black Bear Weed Dispensary Winona             | Winona          |   0 reviews
  TCC  70 | HWS Cannabis Company                          | Moose Lake      |   0 reviews
  TCC  70 | MN Roots Jenkins                              | Jenkins         |   0 reviews
  TCC  70 | Pipestone recreational Dispensary             | Pipestone       |   0 reviews
  TCC  70 | Genesis Farms - Brookings                     | Brookings       |   0 reviews
  TCC  70 | Dakota Dispensaries                           | Watertown       |   0 reviews
  TCC  70 | Ishkode Dispensary                            | Tower           |   0 reviews
  TCC  70 | Pure Dakota Health - Fargo                    | Fargo           |   0 reviews
  TCC  69 | Pot Mama's - Edina                            | Edina           |   1 reviews
  TCC  62 | Verist Fields                                 | Minneapolis     |   1 reviews
  TCC  62 | Pot Mama's                                    | Mendota Heights |   1 reviews
  TCC  62 | Grounded Gardens                              | Hutchinson      |   1 reviews

Exported 100 dispensaries to /Users/joshsundby/Code/apps/twincitycannabis/scraper/data/dispensaries_export.json
Review and run update_site.py to merge into data.js
PUSH_TRIGGER_TOKEN not set; skipping push trigger.
Loaded 100 total dispensaries from scraper
Merged 54 manually-added dispensaries from manual_dispensaries.json
Filtered to 141 dispensaries (metro + manual includes)
Updated data.js with dispensary data at 2026-06-12 17:31
Bumped freshness timestamp → 2026-06-12T22:31:06.000Z

Live site will update on next GitHub Pages deploy.
  TCC  93 | Off The Path Cannabis Dispensary         | Morton
  TCC  93 | ANANG Native Cannabis Co.                | Cloquet
  TCC  90 | Wildflower North Loop                    | Minneapolis
  TCC  90 | Unanimous Cannabis                       | Minneapolis
  TCC  90 | Twin Cities High                         | Golden Valley
  TCC  90 | Lucky Strains Cannabis Dispensary        | New Brighton
  TCC  90 | Green Rose                               | Minneapolis
  TCC  90 | DNA Dispensary                           | Saint Paul
  TCC  90 | MnLooN - St. Paul                        | Saint Paul
  TCC  90 | Lake Daze                                | Hopkins
  TCC  90 | Edina Canna                              | Edina
  TCC  90 | Feelin' MN                               | Little Canada
  TCC  90 | Loon Leaf                                | Blaine
  TCC  90 | Blaine Dispensary                        | Blaine
  TCC  90 | MN THC CO - LAKEVILLE                    | Lakeville
  TCC  90 | Green Canopy Craft Dispensary            | Lakeland Shores
  TCC  90 | The Cannabis Co.                         | St. Michael
  TCC  90 | Northern Crown Cannabis                  | Isanti
  TCC  90 | Mn thc co - Dundas                       | Dundas
  TCC  90 | Hempire LLC                              | Rochester
  TCC  90 | Lake Leaf Dispensary                     | Isle
  TCC  90 | Lake Leaf Dispensary                     | Onamia
  TCC  90 | Winona Dispensary                        | Winona
  TCC  90 | Farmer’s Cannabis Co.                    | Aitkin
  TCC  90 | ANANG Tasting Lounge & Dispensary        | Carlton
  TCC  90 | MN Roots - Crosslake                     | Crosslake
  TCC  90 | La Canna                                 | La Crescent
  TCC  90 | North Shore Dispensary                   | Duluth
  TCC  90 | Lake Superior Dispensary                 | Duluth
  TCC  90 | Loonatixz Genetixz                       | Grand Rapids
  TCC  90 | Two Harbors Cannabis                     | Two Harbors
  TCC  90 | High Fidelity                            | Luverne
  TCC  90 | Coastless                                | Luverne
  TCC  90 | Unwind Dispensary                        | Moorhead
  TCC  89 | Wildflower                               | Minneapolis
  TCC  89 | BlooMn                                   | Minneapolis
  TCC  89 | RISE Dispensary St. Paul                 | Saint Paul
  TCC  89 | Fridley Dispensary                       | Fridley
  TCC  89 | Minnesota Canna                          | Edina
  TCC  89 | Legacy Cannabis Woodbury                 | Woodbury
  TCC  89 | High 10 Dispensary                       | Ramsey
  TCC  89 | The Stash & Co                           | Rush City
  TCC  89 | Legacy Cannabis Duluth                   | Duluth
  TCC  88 | Frostbite Dispensary                     | Roseville
  TCC  88 | Minne Organix                            | Victoria
  TCC  88 | Strains of the Earth                     | Jordan
  TCC  87 | Sweetleaves                              | Minneapolis
  TCC  87 | higherplace                              | Chaska
  TCC  86 | Legacy Cannabis Minneapolis              | Minneapolis
  TCC  86 | Hopkins Dispensary                       | Hopkins
  TCC  86 | Anoka Cannabis Company                   | Anoka
  TCC  86 | Legit Cannabis                           | Rosemount
  TCC  85 | Island Peži                              | Welch
  TCC  85 | RISE Dispensary St. Cloud                | St. Cloud
  TCC  85 | Lake Leaf Dispensary                     | Hinckley
  TCC  84 | MN Roots Alexandria                      | Alexandria
  TCC  82 | Waabigwan Mashkiki - Moorhead            | Moorhead
  TCC  82 | NativeCare - Red Lake                    | Blackduck
  TCC  81 | MnLooN - Minneapolis                     | Minneapolis
  TCC  80 | Waabigwan Mashkiki - St. Cloud           | St. Cloud
  TCC  80 | NativeCare West St. Paul                 | West St. Paul
  TCC  79 | Dinky Dope Dispensary                    | Minneapolis
  TCC  78 | Nativecare - West St Paul                | West St. Paul
  TCC  78 | Aurora Cannabis MN                       | Prior Lake
  TCC  78 | Fort Road Cannabis                       | Saint Paul
  TCC  77 | Waabigwan Mashkiki - Mahnomen            | Mahnomen
  TCC  76 | 5D Dispensary                            | East Bethel
  TCC  75 | ADHI Enterprise LLC                      | Minneapolis
  TCC  75 | Huff and Puff Smoke Shop                 | Vadnais Heights
  TCC  75 | Twin Cities High LLC                     | Golden Valley
  TCC  75 | CannaJoyMN                               | Minneapolis
  TCC  75 | Silver Therapeutics Cannabis Company     | Stillwater
  TCC  75 | URBAN GREEN Dispensary                   | Brooklyn Park
  TCC  75 | Kodjo's Dispensary                       | St. Paul
  TCC  75 | Midway Cannabis                          | St. Paul
  TCC  75 | Feelin MN LLC                            | Little Canada
  TCC  75 | Flipside Dispensary and Music            | Minneapolis
  TCC  75 | The Lakes Dispensary                     | White Bear Lake
  TCC  75 | Vibes                                    | Shoreview
  TCC  75 | Da Spot Dispensary & Wellness            | Minneapolis
  TCC  75 | st paul cannabis                         | St Paul
  TCC  75 | Chaska Creek Cannabis                    | Chaska
  TCC  75 | Splitrock Farms Dispensary               | Champlin
  TCC  75 | Litt Dispensaries LLC L.L.C              | Andover
  TCC  75 | Rise                                     | St. Paul
  TCC  75 | Green Leaf Depot                         | Savage
  TCC  75 | Great Cannabis LLC                       | Becker
  TCC  75 | Weed Wishes Company                      | Cook
  TCC  75 | ABC Cannabis Co. LLP                     | Alexandria
  TCC  75 | Cuyuna Cannabis                          | Crosby
  TCC  75 | Black Bear Dispensary                    | Winona
  TCC  75 | Deep Roots LLC                           | Loretto
  TCC  75 | Gopher State Ganja LLC                   | Alexandria
  TCC  75 | Farmer's Cannabis Company                | Aitkin
  TCC  75 | Serene Acres Dispensary Inc              | Pipestone
  TCC  75 | The Flower Shop MN LLC                   | Luverne
  TCC  75 | canna corners                            | Thief River Falls
  TCC  75 | The Cannabis Co.                         | St. Michael
  TCC  75 | Altitude Dispensary                      | Monticello
  TCC  75 | 4 North                                  | New Ulm
  TCC  75 | Cloud Nine Farms LLC                     | Wilmar
  TCC  75 | Green Apple Cannabis                     | Breckenridge
  TCC  75 | Aeroflower LLC                           | Welcome
  TCC  75 | OUIDHAUS LLC                             | La Crescent
  TCC  75 | Grounded Gardens LLC                     | Hutchinson
  TCC  75 | Lake of the Woods Cannabis Company       | Baudette
  TCC  75 | Green Grass LLC                          | Luverne
  TCC  75 | Aficionados                              | Albert Lea
  TCC  75 | Pine Mountain Ventures LLC               | Baxter
  TCC  75 | Crafty Canna Mist LLC                    | Mankato
  TCC  75 | Voyager Cannabis Co                      | Mankato
  TCC  75 | Big Dream Organics                       | Albert Lea
  TCC  75 | Hastings Consulting LLC                  | Cross Lake
  TCC  75 | Mountain Sight Vision LLC                | Albert Lea
  TCC  75 | Black Husky LLC                          | Albert Lea
  TCC  75 | The Matchbox Dispensary                  | Albert Lea
  TCC  75 | The Smoking Tree                         | Albert Lea
  TCC  75 | Twin Cities Cannabis                     | Richfield
  TCC  73 | RISE Dispensary Eagan                    | Eagan
  TCC  70 | Cali Cannabis Dispensary Uptown          | Minneapolis
  TCC  70 | Watchtower Dispensary                    | Minneapolis
  TCC  70 | Bloom Wellness Dispensary - St Paul      | Saint Paul
  TCC  70 | Potshotz                                 | Saint Paul
  TCC  70 | Fort Road Cannabis                       | Saint Paul
  TCC  70 | Holy Smokes Cannabis                     | Minneapolis
  TCC  70 | Fullmelt Factory                         | Maple Grove
  TCC  70 | Green Box Cannabis                       | Lakeville
  TCC  70 | Litt Dispensaries LLC                    | Andover
  TCC  70 | Green 2 Go Dispensary                    | Hastings
  TCC  70 | Grazzhopper                              | Big Lake
  TCC  70 | O'Buds Dispensary                        | Annandale
  TCC  70 | Healing Harvest                          | St. Peter
  TCC  70 | Black Bear Weed Dispensary Winona        | Winona
  TCC  70 | HWS Cannabis Company                     | Moose Lake
  TCC  70 | MN Roots Jenkins                         | Jenkins
  TCC  70 | Pipestone recreational Dispensary        | Pipestone
  TCC  70 | Ishkode Dispensary                       | Tower
  TCC  69 | Pot Mama's - Edina                       | Edina
  TCC  62 | Verist Fields                            | Minneapolis
  TCC  62 | Pot Mama's                               | Mendota Heights
  TCC  62 | Grounded Gardens                         | Hutchinson

============================================================
Twin City Cannabis — Direct Menu Scraper
2026-06-12 17:31:06
============================================================

Fetching TC dispensary list...
Found 48 dispensaries with menus (8691 total products)

Wildflower North Loop (252 expected)...
  Page 1: 50 items (total: 50)
  Page 2: 50 items (total: 100)
  Page 3: 50 items (total: 150)
  Page 4: 50 items (total: 200)
  Page 5: 48 items (total: 248)

Wildflower (222 expected)...
  Page 1: 50 items (total: 50)
  Page 2: 50 items (total: 100)
  Page 3: 50 items (total: 150)
  Page 4: 50 items (total: 200)
  Page 5: 22 items (total: 222)

Sweetleaves (163 expected)...
  Page 1: 50 items (total: 50)
  Page 2: 50 items (total: 100)
  Page 3: 50 items (total: 150)
  Page 4: 12 items (total: 162)

Dinky Dope Dispensary (64 expected)...
  Page 1: 50 items (total: 50)
  Page 2: 14 items (total: 64)

MnLooN - Minneapolis (146 expected)...
  Page 1: 50 items (total: 50)
  Page 2: 50 items (total: 100)
  Page 3: 45 items (total: 145)

Legacy Cannabis Minneapolis (240 expected)...
  Page 1: 50 items (total: 50)
  Page 2: 50 items (total: 100)
  Page 3: 50 items (total: 150)
  Page 4: 50 items (total: 200)
  Page 5: 40 items (total: 240)

Unanimous Cannabis (47 expected)...
  Page 1: 47 items (total: 47)

Cali Cannabis Dispensary Uptown (407 expected)...
  Page 1: 50 items (total: 50)
  Page 2: 50 items (total: 100)
  Page 3: 50 items (total: 150)
  Page 4: 50 items (total: 200)
  Page 5: 50 items (total: 250)
  Page 6: 50 items (total: 300)
  Page 7: 50 items (total: 350)
  Page 8: 50 items (total: 400)
  Page 9: 7 items (total: 407)

BlooMn (174 expected)...
  Page 1: 50 items (total: 50)
  Page 2: 50 items (total: 100)
  Page 3: 50 items (total: 150)
  Page 4: 23 items (total: 173)

Watchtower Dispensary (10 expected)...
  Page 1: 10 items (total: 10)

Verist Fields (93 expected)...
  Page 1: 50 items (total: 50)
  Page 2: 42 items (total: 92)

Pot Mama's - Edina (167 expected)...
  Page 1: 50 items (total: 50)
  Page 2: 50 items (total: 100)
  Page 3: 50 items (total: 150)
  Page 4: 17 items (total: 167)

Potshotz (22 expected)...
  Page 1: 22 items (total: 22)

Frostbite Dispensary (317 expected)...
  Page 1: 50 items (total: 50)
  Page 2: 50 items (total: 100)
  Page 3: 50 items (total: 150)
  Page 4: 50 items (total: 200)
  Page 5: 50 items (total: 250)
  Page 6: 50 items (total: 300)
  Page 7: 15 items (total: 315)

Twin Cities High (7 expected)...
  Page 1: 6 items (total: 6)

Lucky Strains Cannabis Dispensary (28 expected)...
  Page 1: 28 items (total: 28)

Green Rose (281 expected)...
  Page 1: 50 items (total: 50)
  Page 2: 50 items (total: 100)
  Page 3: 50 items (total: 150)
  Page 4: 50 items (total: 200)
  Page 5: 50 items (total: 250)
  Page 6: 31 items (total: 281)

DNA Dispensary (138 expected)...
  Page 1: 50 items (total: 50)
  Page 2: 50 items (total: 100)
  Page 3: 38 items (total: 138)

MnLooN - St. Paul (141 expected)...
  Page 1: 50 items (total: 50)
  Page 2: 50 items (total: 100)
  Page 3: 41 items (total: 141)

Fort Road Cannabis (417 expected)...
  Page 1: 50 items (total: 50)
  Page 2: 50 items (total: 100)
  Page 3: 50 items (total: 150)
  Page 4: 50 items (total: 200)
  Page 5: 50 items (total: 250)
  Page 6: 50 items (total: 300)
  Page 7: 50 items (total: 350)
  Page 8: 50 items (total: 400)
  Page 9: 17 items (total: 417)

Holy Smokes Cannabis (87 expected)...
  Page 1: 50 items (total: 50)
  Page 2: 35 items (total: 85)

Lake Daze (257 expected)...
  Page 1: 50 items (total: 50)
  Page 2: 50 items (total: 100)
  Page 3: 50 items (total: 150)
  Page 4: 50 items (total: 200)
  Page 5: 50 items (total: 250)
  Page 6: 8 items (total: 258)

Edina Canna (239 expected)...
  Page 1: 50 items (total: 50)
  Page 2: 50 items (total: 100)
  Page 3: 50 items (total: 150)
  Page 4: 50 items (total: 200)
  Page 5: 37 items (total: 237)

Hopkins Dispensary (176 expected)...
  Page 1: 50 items (total: 50)
  Page 2: 50 items (total: 100)
  Page 3: 50 items (total: 150)
  Page 4: 25 items (total: 175)

Feelin' MN (141 expected)...
  Page 1: 50 items (total: 50)
  Page 2: 50 items (total: 100)
  Page 3: 34 items (total: 134)

Fridley Dispensary (279 expected)...
  Page 1: 50 items (total: 50)
  Page 2: 50 items (total: 100)
  Page 3: 50 items (total: 150)
  Page 4: 50 items (total: 200)
  Page 5: 50 items (total: 250)
  Page 6: 31 items (total: 281)

Pot Mama's (218 expected)...
  Page 1: 50 items (total: 50)
  Page 2: 50 items (total: 100)
  Page 3: 50 items (total: 150)
  Page 4: 50 items (total: 200)
  Page 5: 17 items (total: 217)

Minnesota Canna (237 expected)...
  Page 1: 50 items (total: 50)
  Page 2: 50 items (total: 100)
  Page 3: 50 items (total: 150)
  Page 4: 50 items (total: 200)
  Page 5: 37 items (total: 237)

Loon Leaf (135 expected)...
  Page 1: 50 items (total: 50)
  Page 2: 50 items (total: 100)
  Page 3: 35 items (total: 135)

Nativecare - West St Paul (147 expected)...
  Page 1: 50 items (total: 50)
  Page 2: 50 items (total: 100)
  Page 3: 46 items (total: 146)

RISE Dispensary Eagan (10 expected)...

Fullmelt Factory (81 expected)...
  Page 1: 50 items (total: 50)
  Page 2: 31 items (total: 81)

Anoka Cannabis Company (328 expected)...
  Page 1: 50 items (total: 50)
  Page 2: 50 items (total: 100)
  Page 3: 50 items (total: 150)
  Page 4: 50 items (total: 200)
  Page 5: 50 items (total: 250)
  Page 6: 50 items (total: 300)
  Page 7: 28 items (total: 328)

Blaine Dispensary (216 expected)...
  Page 1: 50 items (total: 50)
  Page 2: 50 items (total: 100)
  Page 3: 50 items (total: 150)
  Page 4: 50 items (total: 200)
  Page 5: 8 items (total: 208)

Legacy Cannabis Woodbury (240 expected)...
  Page 1: 50 items (total: 50)
  Page 2: 50 items (total: 100)
  Page 3: 50 items (total: 150)
  Page 4: 50 items (total: 200)
  Page 5: 39 items (total: 239)

MN THC CO - LAKEVILLE (136 expected)...
  Page 1: 50 items (total: 50)
  Page 2: 50 items (total: 100)
  Page 3: 35 items (total: 135)

Legit Cannabis (39 expected)...
  Page 1: 39 items (total: 39)

High 10 Dispensary (93 expected)...
  Page 1: 50 items (total: 50)
  Page 2: 43 items (total: 93)

Green Box Cannabis (6 expected)...
  Page 1: 6 items (total: 6)

Litt Dispensaries LLC (29 expected)...
  Page 1: 26 items (total: 26)

higherplace (195 expected)...
  Page 1: 50 items (total: 50)
  Page 2: 50 items (total: 100)
  Page 3: 50 items (total: 150)
  Page 4: 44 items (total: 194)

Minne Organix (207 expected)...
  Page 1: 50 items (total: 50)
  Page 2: 50 items (total: 100)
  Page 3: 50 items (total: 150)
  Page 4: 50 items (total: 200)
  Page 5: 7 items (total: 207)

5D Dispensary (245 expected)...
  Page 1: 50 items (total: 50)
  Page 2: 50 items (total: 100)
  Page 3: 50 items (total: 150)
  Page 4: 50 items (total: 200)
  Page 5: 43 items (total: 243)

Green Canopy Craft Dispensary (392 expected)...
  Page 1: 50 items (total: 50)
  Page 2: 50 items (total: 100)
  Page 3: 50 items (total: 150)
  Page 4: 50 items (total: 200)
  Page 5: 50 items (total: 250)
  Page 6: 50 items (total: 300)
  Page 7: 50 items (total: 350)
  Page 8: 41 items (total: 391)

The Cannabis Co. (322 expected)...
  Page 1: 50 items (total: 50)
  Page 2: 50 items (total: 100)
  Page 3: 50 items (total: 150)
  Page 4: 50 items (total: 200)
  Page 5: 50 items (total: 250)
  Page 6: 50 items (total: 300)
  Page 7: 22 items (total: 322)

Green 2 Go Dispensary (133 expected)...
  Page 1: 50 items (total: 50)
  Page 2: 50 items (total: 100)
  Page 3: 37 items (total: 137)

Strains of the Earth (646 expected)...
  Page 1: 50 items (total: 50)
  Page 2: 50 items (total: 100)
  Page 3: 50 items (total: 150)
  Page 4: 50 items (total: 200)
  Page 5: 50 items (total: 250)
  Page 6: 50 items (total: 300)
  Page 7: 50 items (total: 350)
  Page 8: 50 items (total: 400)
  Page 9: 50 items (total: 450)
  Page 10: 50 items (total: 500)
  Page 11: 50 items (total: 550)
  Page 12: 50 items (total: 600)
  Page 13: 46 items (total: 646)

Northern Crown Cannabis (121 expected)...
  Page 1: 50 items (total: 50)
  Page 2: 50 items (total: 100)
  Page 3: 19 items (total: 119)

============================================================
TOTAL: 8644 products from 48 dispensaries
============================================================
  accessories: 3984
  edible: 1576
  flower: 1135
  beverage: 1003
  pre-roll: 430
  concentrate: 272
  topical: 156
  tincture: 51
  seed: 37
  [normalize] Excluded 4293 non-cannabis or junk products

3081 unique products (578 at multiple dispensaries)
Saved to /Users/joshsundby/Code/apps/twincitycannabis/scraper/data/full_menu_products.json

Updated data.js: 3081 products (578 at multiple dispensaries)
Parsed 141 dispensary entries
Replaced TCC.reviews with 599 real Google reviews

Updated 81 dispensaries with Google data
Skipped 60 (no cache entry)
Found 141 dispensary IDs
Parsed 3081 product entries
Removed 0 orphaned price refs
Dropped 0 products with no valid prices
Kept 3081 products
Removed 200 orphaned reviews

Updated /Users/joshsundby/Code/apps/twincitycannabis/js/data.js
Saved history for 9966 products
Recorded prices for 2026-06-12: 145 products updated
Total products tracked: 9966
Products with 2+ data points: 8852
Exported 9966 price histories (398 with real variation)
[fort-road-cannabis] fetching https://fortroadcannabis.dispensary.shop/rec/menu
  parsed 20 unique products
[twin-cities-cannabis-richfield] fetching https://twincitiescannabis.dispensary.shop/rec/menu
  parsed 40 unique products

Wrote 60 products to scraper/data/dispensary_shop_products.json
dispensary.shop dispensaries: fort-road-cannabis, twin-cities-cannabis-richfield
Skipped 11 non-cannabis or unrecognized products
Added 49 dispensary.shop products to data.js
[lake-daze] fetching meadow org 2206
  raw: 194 products
  kept (cannabis only): 94

Wrote 94 products to /Users/joshsundby/Code/apps/twincitycannabis/scraper/data/meadow_products.json
Meadow dispensaries: lake-daze
Skipped 36 non-cannabis or unrecognized products
Added 58 Meadow products to data.js
Backfilled 0/3081 products with a strain type (0%)
  by type: {'indica': 0, 'sativa': 0, 'hybrid': 0}
  learned 405 strain phrases from real labels
Proposed brand merges: 70 clusters, 99 variant names -> canonical

  'Looner'  <=  'Looner 10mg'(10), 'Looner Gummies'(8), 'Looner Drink'(8), 'Looner Sodas'(5), 'Looner Lemonade Shots'(2), 'Looner Lemonades'(1) ...
  'Grasslandz'  <=  'Grasslandz-100MG THC'(1), 'Grasslandz-4G'(1)
  'BLNCD'  <=  'BLNCD Gummies 5mg'(2), 'BLNCD CBD Gummies'(1)
  'Unbound'  <=  'Unbound Flower'(7), 'UNBOUND-3.5g'(1), 'Unbound Preroll'(1), 'Unbound Prerolls'(1)
  'WYLD'  <=  'Wyld'(5), 'Wyld Gummies 5mg'(3)
  'RETRO BAKERY'  <=  'Retro Bakery'(28)
  'Minny Grown'  <=  'Minny Grown Gummies'(6), 'Minny Grown- 250 MG CBN'(3), 'Minny Grown- 50 MG THC'(3), 'Minny Grown 250mg CBN Gummies'(1)
  'Dizgo'  <=  'Dizgo Preroll'(5), 'Dizgo 3.5g'(1)
  'Crested River'  <=  'Crested River Soda 10mg'(7), 'Crested River Sodas'(1)
  'Botany Farms'  <=  'Botany Farms Gummies'(2)
  'Pre Roll'  <=  'Pre-Roll'(18)
  'RYTHM'  <=  'Rythm'(4)
  '&SHINE'  <=  'Cartridge -Shine'(1)
  'Pre-Roll-IX'  <=  'Pre-Rolls-IX'(6), 'Pre-rolls-IX'(4), 'Pre-rolls 0.5 g-IX'(3), 'Pre-rolls 0.33 g-IX'(1)
  'Natreum'  <=  'Natreum CBD Gummies'(7), 'Natreum Gummies 5mg'(4)
  'Lake Leaf-4G'  <=  'Lake Leaf-4G Flower'(9), 'Lake Leaf-3.5g Flower'(2), 'Lake Leaf-4g'(1)
  'Natreum Nano Gummies'  <=  'Natreum Nano Gummies 5mg'(7)
  'Looner Legal THC Cannabis Soda 10mg'  <=  'Looner Legal THC Cannabis Soda 10mg, 12oz'(7), 'Looner Legal THC Cannabis Lemonade 10mg 12oz'(3)
  'Pre-Packaged-IX'  <=  'Pre-packaged Flower-IX'(2)
  'Hiza Kyte'  <=  'Hiza Kyte Shot'(3)
  'Oliphant'  <=  'Oliphant 10mg'(8)
  'Camino Gummies 2mg'  <=  'Camino Gummies 5mg'(7)
  'Fulton NARC 3mg'  <=  'Fulton NARC 10mg'(5), 'Fulton NARC 5mg'(2)
  'MINNELEAF'  <=  'Minneleaf'(2)
  'MLLW'  <=  'Mllw'(1)

Applied: rewrote brand on 305 products into 70 consolidated brands.
Backfilled images on 20 products (from matching siblings).
  +img: Looner | Peach Lemonade Single Can
  +img: Stargaze Vapes - 1g Disposable - Blueberry Cookies
  +img: Chocolate Bar | Key Lime Pie
  +img: Dark Chocolate S\'mores 50mg thc
  +img: Dark Chocolate Sea Salt Bar
  +img: Granny\'s Pretzels (birthday cake)
  +img: Grape Soda*10mg
  +img: Live Resin Vape-IX | Dizgo Collective | Orion | 1g | | 1 ct
  +img: Loon Labs Hemp Lotion 1000MG
  +img: Looner - Creme 10MG THC Soda
Generated 48 real price-drop deals (from 61 detected drops).
  Top: Freedom Soda Lemonade $8 -> $4.94 (-38%)
Wrote 30 dispensary comparison pages
Wrote 107 category-by-city pages
Wrote 42 strain-by-city pages
Wrote 6 dispensaries-near pages
Wrote market-insights page
Injected live counts: 141 dispensaries, 3,100+ products (3188 actual)
Cache-bust: data.js?v=68486bf5, app.js?v=b14ed1ad
Injected internal crawl footer + fixed dead legal links into index.html
SEO build complete: 603 static pages + sitemap.xml
  Dispensaries:    141
  Categories:      8
  Brands:          73
  Cities:          85
  Neighborhoods:   7
  Top products:    89
  Total products:  3188
Sitemap pages: 604 | served dirs: 607 | orphans: 2 (0%)
DELETE cheapest-cartridge-anoka
DELETE cheapest-cartridge-hopkins
Pruned 2 orphan page directories.
[main ea5133b4] Auto-update: 2026-06-12 17:50 - fresh prices
 67 files changed, 4472 insertions(+), 4814 deletions(-)
 delete mode 100644 cheapest-cartridge-anoka/index.html
 delete mode 100644 cheapest-cartridge-hopkins/index.html
Pushed fresh data
Done: Fri Jun 12 17:50:34 CDT 2026

==========================================
TCC Auto Scrape: Sat Jun 13 09:00:05 CDT 2026
==========================================

============================================================
Twin City Cannabis — Scraper v3
2026-06-13 09:00:06
============================================================

Fetching dispensary listings from Weedmaps...
Found 100 dispensaries
Saved 100 entries to /Users/joshsundby/Code/apps/twincitycannabis/scraper/data/dispensaries.json

============================================================
DISPENSARIES: 100
============================================================
  TCC  95 | Dispensary of Watertown                       | Watertown       |  51 reviews
  TCC  94 | Levels Cannabis - Ironwood                    | Ironwood        | 264 reviews
  TCC  93 | Off The Path Cannabis Dispensary              | Morton          | 153 reviews
  TCC  93 | ANANG Native Cannabis Co.                     | Cloquet         | 308 reviews
  TCC  92 | The Dispensary - SD                           | Harrisburg      |  39 reviews
  TCC  92 | nuEra - East Dubuque                          | East Dubuque    |  24 reviews
  TCC  91 | Bridge City Collective                        | East Dubuque    |  19 reviews
  TCC  90 | Wildflower North Loop                         | Minneapolis     |   1 reviews
  TCC  90 | Unanimous Cannabis                            | Minneapolis     |  18 reviews
  TCC  90 | Twin Cities High                              | Golden Valley   |   1 reviews
  TCC  90 | Lucky Strains Cannabis Dispensary             | New Brighton    |   4 reviews
  TCC  90 | Green Rose                                    | Minneapolis     |   3 reviews
  TCC  90 | DNA Dispensary                                | Saint Paul      |  23 reviews
  TCC  90 | MnLooN - St. Paul                             | Saint Paul      |   3 reviews
  TCC  90 | Lake Daze                                     | Hopkins         |   1 reviews
  TCC  90 | Edina Canna                                   | Edina           |  27 reviews
  TCC  90 | Feelin' MN                                    | Little Canada   |   8 reviews
  TCC  90 | Loon Leaf                                     | Blaine          |   4 reviews
  TCC  90 | Blaine Dispensary                             | Blaine          |   6 reviews
  TCC  90 | MN THC CO - LAKEVILLE                         | Lakeville       |   4 reviews
  TCC  90 | Green Canopy Craft Dispensary                 | Lakeland Shores |   1 reviews
  TCC  90 | The Cannabis Co.                              | St. Michael     |   2 reviews
  TCC  90 | Northern Crown Cannabis                       | Isanti          |   5 reviews
  TCC  90 | Mn thc co - Dundas                            | Dundas          |   1 reviews
  TCC  90 | Hempire LLC                                   | Rochester       |  21 reviews
  TCC  90 | Lake Leaf Dispensary                          | Isle            |   1 reviews
  TCC  90 | Lake Leaf Dispensary                          | Onamia          |  20 reviews
  TCC  90 | Winona Dispensary                             | Winona          |   2 reviews
  TCC  90 | Farmer’s Cannabis Co.                         | Aitkin          |   2 reviews
  TCC  90 | ANANG Tasting Lounge & Dispensary             | Carlton         |   2 reviews
  TCC  90 | MN Roots - Crosslake                          | Crosslake       |   1 reviews
  TCC  90 | La Canna                                      | La Crescent     |   4 reviews
  TCC  90 | North Shore Dispensary                        | Duluth          |   4 reviews
  TCC  90 | Lake Superior Dispensary                      | Duluth          |   1 reviews
  TCC  90 | Loonatixz Genetixz                            | Grand Rapids    |   2 reviews
  TCC  90 | Two Harbors Cannabis                          | Two Harbors     |   1 reviews
  TCC  90 | High Fidelity                                 | Luverne         |   7 reviews
  TCC  90 | Coastless                                     | Luverne         |   3 reviews
  TCC  90 | High Profile - Ironwood                       | Ironwood        |   8 reviews
  TCC  90 | Genesis Farms - Sioux Falls                   | Sioux Falls     |  44 reviews
  TCC  90 | Roy'zzz of Sioux Falls                        | Sioux Falls     |   6 reviews
  TCC  90 | East River Farms Medical Dispensary           | Sioux Falls     |   8 reviews
  TCC  90 | Unwind Dispensary                             | Moorhead        |   6 reviews
  TCC  89 | Wildflower                                    | Minneapolis     |  15 reviews
  TCC  89 | BlooMn                                        | Minneapolis     |  15 reviews
  TCC  89 | RISE Dispensary St. Paul                      | Saint Paul      |  14 reviews
  TCC  89 | Fridley Dispensary                            | Fridley         |   5 reviews
  TCC  89 | Minnesota Canna                               | Edina           |  17 reviews
  TCC  89 | Legacy Cannabis Woodbury                      | Woodbury        |  32 reviews
  TCC  89 | High 10 Dispensary                            | Ramsey          |   5 reviews
  TCC  89 | The Stash & Co                                | Rush City       |   5 reviews
  TCC  89 | Legacy Cannabis Duluth                        | Duluth          |  22 reviews
  TCC  88 | Frostbite Dispensary                          | Roseville       |  14 reviews
  TCC  88 | Minne Organix                                 | Victoria        |   6 reviews
  TCC  88 | Strains of the Earth                          | Jordan          |   9 reviews
  TCC  87 | Sweetleaves                                   | Minneapolis     |   7 reviews
  TCC  87 | higherplace                                   | Chaska          |  14 reviews
  TCC  86 | Legacy Cannabis Minneapolis                   | Minneapolis     |   2 reviews
  TCC  86 | Hopkins Dispensary                            | Hopkins         |  17 reviews
  TCC  86 | Anoka Cannabis Company                        | Anoka           |   5 reviews
  TCC  86 | Legit Cannabis                                | Rosemount       |  10 reviews
  TCC  85 | Island Peži                                   | Welch           |  47 reviews
  TCC  85 | RISE Dispensary St. Cloud                     | St. Cloud       |  11 reviews
  TCC  85 | Lake Leaf Dispensary                          | Hinckley        |  15 reviews
  TCC  85 | Iowa Cannabis Company                         | Waterloo        |   4 reviews
  TCC  84 | MN Roots Alexandria                           | Alexandria      |   5 reviews
  TCC  82 | Waabigwan Mashkiki - Moorhead                 | Moorhead        |  15 reviews
  TCC  82 | NativeCare - Red Lake                         | Blackduck       |  21 reviews
  TCC  81 | MnLooN - Minneapolis                          | Minneapolis     |   3 reviews
  TCC  80 | Waabigwan Mashkiki - St. Cloud                | St. Cloud       |  27 reviews
  TCC  79 | Dinky Dope Dispensary                         | Minneapolis     |   2 reviews
  TCC  78 | Nativecare - West St Paul                     | West St. Paul   |   4 reviews
  TCC  77 | Waabigwan Mashkiki - Mahnomen                 | Mahnomen        |  10 reviews
  TCC  76 | 5D Dispensary                                 | East Bethel     |   2 reviews
  TCC  73 | RISE Dispensary Eagan                         | Eagan           |  10 reviews
  TCC  70 | Cali Cannabis Dispensary Uptown               | Minneapolis     |   0 reviews
  TCC  70 | Watchtower Dispensary                         | Minneapolis     |   0 reviews
  TCC  70 | Bloom Wellness Dispensary - St Paul           | Saint Paul      |   0 reviews
  TCC  70 | Potshotz                                      | Saint Paul      |   0 reviews
  TCC  70 | Fort Road Cannabis                            | Saint Paul      |   0 reviews
  TCC  70 | Holy Smokes Cannabis                          | Minneapolis     |   0 reviews
  TCC  70 | Fullmelt Factory                              | Maple Grove     |   0 reviews
  TCC  70 | Green Box Cannabis                            | Lakeville       |   0 reviews
  TCC  70 | Litt Dispensaries LLC                         | Andover         |   0 reviews
  TCC  70 | Green 2 Go Dispensary                         | Hastings        |   0 reviews
  TCC  70 | Grazzhopper                                   | Big Lake        |   0 reviews
  TCC  70 | O'Buds Dispensary                             | Annandale       |   0 reviews
  TCC  70 | Healing Harvest                               | St. Peter       |   0 reviews
  TCC  70 | Black Bear Weed Dispensary Winona             | Winona          |   0 reviews
  TCC  70 | HWS Cannabis Company                          | Moose Lake      |   0 reviews
  TCC  70 | MN Roots Jenkins                              | Jenkins         |   0 reviews
  TCC  70 | Pipestone recreational Dispensary             | Pipestone       |   0 reviews
  TCC  70 | Genesis Farms - Brookings                     | Brookings       |   0 reviews
  TCC  70 | Dakota Dispensaries                           | Watertown       |   0 reviews
  TCC  70 | Ishkode Dispensary                            | Tower           |   0 reviews
  TCC  70 | Pure Dakota Health - Fargo                    | Fargo           |   0 reviews
  TCC  69 | Pot Mama's - Edina                            | Edina           |   1 reviews
  TCC  62 | Verist Fields                                 | Minneapolis     |   1 reviews
  TCC  62 | Pot Mama's                                    | Mendota Heights |   1 reviews
  TCC  62 | Grounded Gardens                              | Hutchinson      |   1 reviews

Exported 100 dispensaries to /Users/joshsundby/Code/apps/twincitycannabis/scraper/data/dispensaries_export.json
Review and run update_site.py to merge into data.js
PUSH_TRIGGER_TOKEN not set; skipping push trigger.
Loaded 100 total dispensaries from scraper
Merged 54 manually-added dispensaries from manual_dispensaries.json
Filtered to 141 dispensaries (metro + manual includes)
Updated data.js with dispensary data at 2026-06-13 09:00
Bumped freshness timestamp → 2026-06-13T14:00:10.000Z

Live site will update on next GitHub Pages deploy.
  TCC  93 | Off The Path Cannabis Dispensary         | Morton
  TCC  93 | ANANG Native Cannabis Co.                | Cloquet
  TCC  90 | Wildflower North Loop                    | Minneapolis
  TCC  90 | Unanimous Cannabis                       | Minneapolis
  TCC  90 | Twin Cities High                         | Golden Valley
  TCC  90 | Lucky Strains Cannabis Dispensary        | New Brighton
  TCC  90 | Green Rose                               | Minneapolis
  TCC  90 | DNA Dispensary                           | Saint Paul
  TCC  90 | MnLooN - St. Paul                        | Saint Paul
  TCC  90 | Lake Daze                                | Hopkins
  TCC  90 | Edina Canna                              | Edina
  TCC  90 | Feelin' MN                               | Little Canada
  TCC  90 | Loon Leaf                                | Blaine
  TCC  90 | Blaine Dispensary                        | Blaine
  TCC  90 | MN THC CO - LAKEVILLE                    | Lakeville
  TCC  90 | Green Canopy Craft Dispensary            | Lakeland Shores
  TCC  90 | The Cannabis Co.                         | St. Michael
  TCC  90 | Northern Crown Cannabis                  | Isanti
  TCC  90 | Mn thc co - Dundas                       | Dundas
  TCC  90 | Hempire LLC                              | Rochester
  TCC  90 | Lake Leaf Dispensary                     | Isle
  TCC  90 | Lake Leaf Dispensary                     | Onamia
  TCC  90 | Winona Dispensary                        | Winona
  TCC  90 | Farmer’s Cannabis Co.                    | Aitkin
  TCC  90 | ANANG Tasting Lounge & Dispensary        | Carlton
  TCC  90 | MN Roots - Crosslake                     | Crosslake
  TCC  90 | La Canna                                 | La Crescent
  TCC  90 | North Shore Dispensary                   | Duluth
  TCC  90 | Lake Superior Dispensary                 | Duluth
  TCC  90 | Loonatixz Genetixz                       | Grand Rapids
  TCC  90 | Two Harbors Cannabis                     | Two Harbors
  TCC  90 | High Fidelity                            | Luverne
  TCC  90 | Coastless                                | Luverne
  TCC  90 | Unwind Dispensary                        | Moorhead
  TCC  89 | Wildflower                               | Minneapolis
  TCC  89 | BlooMn                                   | Minneapolis
  TCC  89 | RISE Dispensary St. Paul                 | Saint Paul
  TCC  89 | Fridley Dispensary                       | Fridley
  TCC  89 | Minnesota Canna                          | Edina
  TCC  89 | Legacy Cannabis Woodbury                 | Woodbury
  TCC  89 | High 10 Dispensary                       | Ramsey
  TCC  89 | The Stash & Co                           | Rush City
  TCC  89 | Legacy Cannabis Duluth                   | Duluth
  TCC  88 | Frostbite Dispensary                     | Roseville
  TCC  88 | Minne Organix                            | Victoria
  TCC  88 | Strains of the Earth                     | Jordan
  TCC  87 | Sweetleaves                              | Minneapolis
  TCC  87 | higherplace                              | Chaska
  TCC  86 | Legacy Cannabis Minneapolis              | Minneapolis
  TCC  86 | Hopkins Dispensary                       | Hopkins
  TCC  86 | Anoka Cannabis Company                   | Anoka
  TCC  86 | Legit Cannabis                           | Rosemount
  TCC  85 | Island Peži                              | Welch
  TCC  85 | RISE Dispensary St. Cloud                | St. Cloud
  TCC  85 | Lake Leaf Dispensary                     | Hinckley
  TCC  84 | MN Roots Alexandria                      | Alexandria
  TCC  82 | Waabigwan Mashkiki - Moorhead            | Moorhead
  TCC  82 | NativeCare - Red Lake                    | Blackduck
  TCC  81 | MnLooN - Minneapolis                     | Minneapolis
  TCC  80 | Waabigwan Mashkiki - St. Cloud           | St. Cloud
  TCC  80 | NativeCare West St. Paul                 | West St. Paul
  TCC  79 | Dinky Dope Dispensary                    | Minneapolis
  TCC  78 | Nativecare - West St Paul                | West St. Paul
  TCC  78 | Aurora Cannabis MN                       | Prior Lake
  TCC  78 | Fort Road Cannabis                       | Saint Paul
  TCC  77 | Waabigwan Mashkiki - Mahnomen            | Mahnomen
  TCC  76 | 5D Dispensary                            | East Bethel
  TCC  75 | ADHI Enterprise LLC                      | Minneapolis
  TCC  75 | Huff and Puff Smoke Shop                 | Vadnais Heights
  TCC  75 | Twin Cities High LLC                     | Golden Valley
  TCC  75 | CannaJoyMN                               | Minneapolis
  TCC  75 | Silver Therapeutics Cannabis Company     | Stillwater
  TCC  75 | URBAN GREEN Dispensary                   | Brooklyn Park
  TCC  75 | Kodjo's Dispensary                       | St. Paul
  TCC  75 | Midway Cannabis                          | St. Paul
  TCC  75 | Feelin MN LLC                            | Little Canada
  TCC  75 | Flipside Dispensary and Music            | Minneapolis
  TCC  75 | The Lakes Dispensary                     | White Bear Lake
  TCC  75 | Vibes                                    | Shoreview
  TCC  75 | Da Spot Dispensary & Wellness            | Minneapolis
  TCC  75 | st paul cannabis                         | St Paul
  TCC  75 | Chaska Creek Cannabis                    | Chaska
  TCC  75 | Splitrock Farms Dispensary               | Champlin
  TCC  75 | Litt Dispensaries LLC L.L.C              | Andover
  TCC  75 | Rise                                     | St. Paul
  TCC  75 | Green Leaf Depot                         | Savage
  TCC  75 | Great Cannabis LLC                       | Becker
  TCC  75 | Weed Wishes Company                      | Cook
  TCC  75 | ABC Cannabis Co. LLP                     | Alexandria
  TCC  75 | Cuyuna Cannabis                          | Crosby
  TCC  75 | Black Bear Dispensary                    | Winona
  TCC  75 | Deep Roots LLC                           | Loretto
  TCC  75 | Gopher State Ganja LLC                   | Alexandria
  TCC  75 | Farmer's Cannabis Company                | Aitkin
  TCC  75 | Serene Acres Dispensary Inc              | Pipestone
  TCC  75 | The Flower Shop MN LLC                   | Luverne
  TCC  75 | canna corners                            | Thief River Falls
  TCC  75 | The Cannabis Co.                         | St. Michael
  TCC  75 | Altitude Dispensary                      | Monticello
  TCC  75 | 4 North                                  | New Ulm
  TCC  75 | Cloud Nine Farms LLC                     | Wilmar
  TCC  75 | Green Apple Cannabis                     | Breckenridge
  TCC  75 | Aeroflower LLC                           | Welcome
  TCC  75 | OUIDHAUS LLC                             | La Crescent
  TCC  75 | Grounded Gardens LLC                     | Hutchinson
  TCC  75 | Lake of the Woods Cannabis Company       | Baudette
  TCC  75 | Green Grass LLC                          | Luverne
  TCC  75 | Aficionados                              | Albert Lea
  TCC  75 | Pine Mountain Ventures LLC               | Baxter
  TCC  75 | Crafty Canna Mist LLC                    | Mankato
  TCC  75 | Voyager Cannabis Co                      | Mankato
  TCC  75 | Big Dream Organics                       | Albert Lea
  TCC  75 | Hastings Consulting LLC                  | Cross Lake
  TCC  75 | Mountain Sight Vision LLC                | Albert Lea
  TCC  75 | Black Husky LLC                          | Albert Lea
  TCC  75 | The Matchbox Dispensary                  | Albert Lea
  TCC  75 | The Smoking Tree                         | Albert Lea
  TCC  75 | Twin Cities Cannabis                     | Richfield
  TCC  73 | RISE Dispensary Eagan                    | Eagan
  TCC  70 | Cali Cannabis Dispensary Uptown          | Minneapolis
  TCC  70 | Watchtower Dispensary                    | Minneapolis
  TCC  70 | Bloom Wellness Dispensary - St Paul      | Saint Paul
  TCC  70 | Potshotz                                 | Saint Paul
  TCC  70 | Fort Road Cannabis                       | Saint Paul
  TCC  70 | Holy Smokes Cannabis                     | Minneapolis
  TCC  70 | Fullmelt Factory                         | Maple Grove
  TCC  70 | Green Box Cannabis                       | Lakeville
  TCC  70 | Litt Dispensaries LLC                    | Andover
  TCC  70 | Green 2 Go Dispensary                    | Hastings
  TCC  70 | Grazzhopper                              | Big Lake
  TCC  70 | O'Buds Dispensary                        | Annandale
  TCC  70 | Healing Harvest                          | St. Peter
  TCC  70 | Black Bear Weed Dispensary Winona        | Winona
  TCC  70 | HWS Cannabis Company                     | Moose Lake
  TCC  70 | MN Roots Jenkins                         | Jenkins
  TCC  70 | Pipestone recreational Dispensary        | Pipestone
  TCC  70 | Ishkode Dispensary                       | Tower
  TCC  69 | Pot Mama's - Edina                       | Edina
  TCC  62 | Verist Fields                            | Minneapolis
  TCC  62 | Pot Mama's                               | Mendota Heights
  TCC  62 | Grounded Gardens                         | Hutchinson

============================================================
Twin City Cannabis — Direct Menu Scraper
2026-06-13 09:00:10
============================================================

Fetching TC dispensary list...
Found 48 dispensaries with menus (8714 total products)

Wildflower North Loop (247 expected)...
  Page 1: 50 items (total: 50)
  Page 2: 50 items (total: 100)
  Page 3: 50 items (total: 150)
  Page 4: 50 items (total: 200)
  Page 5: 47 items (total: 247)

Wildflower (220 expected)...
  Page 1: 50 items (total: 50)
  Page 2: 50 items (total: 100)
  Page 3: 50 items (total: 150)
  Page 4: 50 items (total: 200)
  Page 5: 20 items (total: 220)

Sweetleaves (162 expected)...
  Page 1: 50 items (total: 50)
  Page 2: 50 items (total: 100)
  Page 3: 50 items (total: 150)
  Page 4: 11 items (total: 161)

Dinky Dope Dispensary (64 expected)...
  Page 1: 50 items (total: 50)
  Page 2: 14 items (total: 64)

MnLooN - Minneapolis (149 expected)...
  Page 1: 50 items (total: 50)
  Page 2: 50 items (total: 100)
  Page 3: 49 items (total: 149)

Legacy Cannabis Minneapolis (240 expected)...
  Page 1: 50 items (total: 50)
  Page 2: 50 items (total: 100)
  Page 3: 50 items (total: 150)
  Page 4: 50 items (total: 200)
  Page 5: 40 items (total: 240)

Unanimous Cannabis (47 expected)...
  Page 1: 46 items (total: 46)

Cali Cannabis Dispensary Uptown (407 expected)...
  Page 1: 50 items (total: 50)
  Page 2: 50 items (total: 100)
  Page 3: 50 items (total: 150)
  Page 4: 50 items (total: 200)
  Page 5: 50 items (total: 250)
  Page 6: 50 items (total: 300)
  Page 7: 50 items (total: 350)
  Page 8: 50 items (total: 400)
  Page 9: 7 items (total: 407)

BlooMn (174 expected)...
  Page 1: 50 items (total: 50)
  Page 2: 50 items (total: 100)
  Page 3: 50 items (total: 150)
  Page 4: 21 items (total: 171)

Watchtower Dispensary (10 expected)...
  Page 1: 10 items (total: 10)

Verist Fields (92 expected)...
  Page 1: 50 items (total: 50)
  Page 2: 42 items (total: 92)

Pot Mama's - Edina (167 expected)...
  Page 1: 50 items (total: 50)
  Page 2: 50 items (total: 100)
  Page 3: 50 items (total: 150)
  Page 4: 16 items (total: 166)

Potshotz (22 expected)...
  Page 1: 22 items (total: 22)

Frostbite Dispensary (330 expected)...
  Page 1: 50 items (total: 50)
  Page 2: 50 items (total: 100)
  Page 3: 50 items (total: 150)
  Page 4: 50 items (total: 200)
  Page 5: 50 items (total: 250)
  Page 6: 50 items (total: 300)
  Page 7: 30 items (total: 330)

Twin Cities High (7 expected)...
  Page 1: 6 items (total: 6)

Lucky Strains Cannabis Dispensary (28 expected)...
  Page 1: 28 items (total: 28)

Green Rose (278 expected)...
  Page 1: 50 items (total: 50)
  Page 2: 50 items (total: 100)
  Page 3: 50 items (total: 150)
  Page 4: 50 items (total: 200)
  Page 5: 50 items (total: 250)
  Page 6: 28 items (total: 278)

DNA Dispensary (138 expected)...
  Page 1: 50 items (total: 50)
  Page 2: 50 items (total: 100)
  Page 3: 37 items (total: 137)

MnLooN - St. Paul (141 expected)...
  Page 1: 50 items (total: 50)
  Page 2: 50 items (total: 100)
  Page 3: 40 items (total: 140)

Fort Road Cannabis (427 expected)...
  Page 1: 50 items (total: 50)
  Page 2: 50 items (total: 100)
  Page 3: 50 items (total: 150)
  Page 4: 50 items (total: 200)
  Page 5: 50 items (total: 250)
  Page 6: 50 items (total: 300)
  Page 7: 50 items (total: 350)
  Page 8: 50 items (total: 400)
  Page 9: 26 items (total: 426)

Holy Smokes Cannabis (87 expected)...
  Page 1: 50 items (total: 50)
  Page 2: 35 items (total: 85)

Lake Daze (267 expected)...
  Page 1: 50 items (total: 50)
  Page 2: 50 items (total: 100)
  Page 3: 50 items (total: 150)
  Page 4: 50 items (total: 200)
  Page 5: 50 items (total: 250)
  Page 6: 17 items (total: 267)

Edina Canna (238 expected)...
  Page 1: 50 items (total: 50)
  Page 2: 50 items (total: 100)
  Page 3: 50 items (total: 150)
  Page 4: 50 items (total: 200)
  Page 5: 38 items (total: 238)

Hopkins Dispensary (178 expected)...
  Page 1: 50 items (total: 50)
  Page 2: 50 items (total: 100)
  Page 3: 50 items (total: 150)
  Page 4: 28 items (total: 178)

Feelin' MN (137 expected)...
  Page 1: 50 items (total: 50)
  Page 2: 50 items (total: 100)
  Page 3: 37 items (total: 137)

Fridley Dispensary (284 expected)...
  Page 1: 50 items (total: 50)
  Page 2: 50 items (total: 100)
  Page 3: 50 items (total: 150)
  Page 4: 50 items (total: 200)
  Page 5: 50 items (total: 250)
  Page 6: 34 items (total: 284)

Pot Mama's (218 expected)...
  Page 1: 50 items (total: 50)
  Page 2: 50 items (total: 100)
  Page 3: 50 items (total: 150)
  Page 4: 50 items (total: 200)
  Page 5: 17 items (total: 217)

Minnesota Canna (237 expected)...
  Page 1: 50 items (total: 50)
  Page 2: 50 items (total: 100)
  Page 3: 50 items (total: 150)
  Page 4: 50 items (total: 200)
  Page 5: 37 items (total: 237)

Loon Leaf (135 expected)...
  Page 1: 50 items (total: 50)
  Page 2: 50 items (total: 100)
  Page 3: 35 items (total: 135)

Nativecare - West St Paul (147 expected)...
  Page 1: 50 items (total: 50)
  Page 2: 50 items (total: 100)
  Page 3: 46 items (total: 146)

RISE Dispensary Eagan (10 expected)...

Fullmelt Factory (81 expected)...
  Page 1: 50 items (total: 50)
  Page 2: 31 items (total: 81)

Anoka Cannabis Company (328 expected)...
  Page 1: 50 items (total: 50)
  Page 2: 50 items (total: 100)
  Page 3: 50 items (total: 150)
  Page 4: 50 items (total: 200)
  Page 5: 50 items (total: 250)
  Page 6: 50 items (total: 300)
  Page 7: 28 items (total: 328)

Blaine Dispensary (216 expected)...
  Page 1: 50 items (total: 50)
  Page 2: 50 items (total: 100)
  Page 3: 50 items (total: 150)
  Page 4: 50 items (total: 200)
  Page 5: 8 items (total: 208)

Legacy Cannabis Woodbury (240 expected)...
  Page 1: 50 items (total: 50)
  Page 2: 50 items (total: 100)
  Page 3: 50 items (total: 150)
  Page 4: 50 items (total: 200)
  Page 5: 40 items (total: 240)

MN THC CO - LAKEVILLE (136 expected)...
  Page 1: 50 items (total: 50)
  Page 2: 50 items (total: 100)
  Page 3: 37 items (total: 137)

Legit Cannabis (39 expected)...
  Page 1: 39 items (total: 39)

High 10 Dispensary (93 expected)...
  Page 1: 50 items (total: 50)
  Page 2: 43 items (total: 93)

Green Box Cannabis (6 expected)...
  Page 1: 6 items (total: 6)

Litt Dispensaries LLC (29 expected)...
  Page 1: 26 items (total: 26)

higherplace (194 expected)...
  Page 1: 50 items (total: 50)
  Page 2: 50 items (total: 100)
  Page 3: 50 items (total: 150)
  Page 4: 42 items (total: 192)

Minne Organix (206 expected)...
  Page 1: 50 items (total: 50)
  Page 2: 50 items (total: 100)
  Page 3: 50 items (total: 150)
  Page 4: 50 items (total: 200)
  Page 5: 5 items (total: 205)

5D Dispensary (245 expected)...
  Page 1: 50 items (total: 50)
  Page 2: 50 items (total: 100)
  Page 3: 50 items (total: 150)
  Page 4: 50 items (total: 200)
  Page 5: 43 items (total: 243)

Green Canopy Craft Dispensary (391 expected)...
  Page 1: 50 items (total: 50)
  Page 2: 50 items (total: 100)
  Page 3: 50 items (total: 150)
  Page 4: 50 items (total: 200)
  Page 5: 50 items (total: 250)
  Page 6: 50 items (total: 300)
  Page 7: 50 items (total: 350)
  Page 8: 41 items (total: 391)

The Cannabis Co. (322 expected)...
  Page 1: 50 items (total: 50)
  Page 2: 50 items (total: 100)
  Page 3: 50 items (total: 150)
  Page 4: 50 items (total: 200)
  Page 5: 50 items (total: 250)
  Page 6: 50 items (total: 300)
  Page 7: 21 items (total: 321)

Green 2 Go Dispensary (133 expected)...
  Page 1: 50 items (total: 50)
  Page 2: 50 items (total: 100)
  Page 3: 35 items (total: 135)

Strains of the Earth (646 expected)...
  Page 1: 50 items (total: 50)
  Page 2: 50 items (total: 100)
  Page 3: 50 items (total: 150)
  Page 4: 50 items (total: 200)
  Page 5: 50 items (total: 250)
  Page 6: 50 items (total: 300)
  Page 7: 50 items (total: 350)
  Page 8: 50 items (total: 400)
  Page 9: 50 items (total: 450)
  Page 10: 50 items (total: 500)
  Page 11: 50 items (total: 550)
  Page 12: 50 items (total: 600)
  Page 13: 46 items (total: 646)

Northern Crown Cannabis (121 expected)...
  Page 1: 50 items (total: 50)
  Page 2: 50 items (total: 100)
  Page 3: 19 items (total: 119)

============================================================
TOTAL: 8674 products from 48 dispensaries
============================================================
  accessories: 4008
  edible: 1574
  flower: 1129
  beverage: 1004
  pre-roll: 432
  concentrate: 276
  topical: 162
  tincture: 52
  seed: 37
  [normalize] Excluded 4330 non-cannabis or junk products

3063 unique products (574 at multiple dispensaries)
Saved to /Users/joshsundby/Code/apps/twincitycannabis/scraper/data/full_menu_products.json

Updated data.js: 3063 products (574 at multiple dispensaries)
Parsed 141 dispensary entries
Replaced TCC.reviews with 599 real Google reviews

Updated 81 dispensaries with Google data
Skipped 60 (no cache entry)
Found 141 dispensary IDs
Parsed 3063 product entries
Removed 0 orphaned price refs
Dropped 0 products with no valid prices
Kept 3063 products
Removed 200 orphaned reviews

Updated /Users/joshsundby/Code/apps/twincitycannabis/js/data.js
Saved history for 10001 products
Recorded prices for 2026-06-13: 169 products updated
Total products tracked: 10001
Products with 2+ data points: 9887
Exported 10001 price histories (399 with real variation)
[fort-road-cannabis] fetching https://fortroadcannabis.dispensary.shop/rec/menu
  parsed 19 unique products
[twin-cities-cannabis-richfield] fetching https://twincitiescannabis.dispensary.shop/rec/menu
  parsed 40 unique products

Wrote 59 products to scraper/data/dispensary_shop_products.json
dispensary.shop dispensaries: fort-road-cannabis, twin-cities-cannabis-richfield
Skipped 13 non-cannabis or unrecognized products
Added 46 dispensary.shop products to data.js
[lake-daze] fetching meadow org 2206
  raw: 200 products
  kept (cannabis only): 97

Wrote 97 products to /Users/joshsundby/Code/apps/twincitycannabis/scraper/data/meadow_products.json
Meadow dispensaries: lake-daze
Skipped 36 non-cannabis or unrecognized products
Added 61 Meadow products to data.js
Backfilled 0/3063 products with a strain type (0%)
  by type: {'indica': 0, 'sativa': 0, 'hybrid': 0}
  learned 399 strain phrases from real labels
Proposed brand merges: 73 clusters, 101 variant names -> canonical

  'Looner'  <=  'Looner 10mg'(10), 'Looner Gummies'(8), 'Looner Drink'(8), 'Looner Sodas'(5), 'Looner Lemonade Shots'(2), 'Looner Lemonades'(1) ...
  'Grasslandz'  <=  'Grasslandz-100MG THC'(1), 'Grasslandz-4G'(1)
  'Unbound'  <=  'Unbound Flower'(7), 'UNBOUND-3.5g'(1), 'Unbound Preroll'(1), 'Unbound Prerolls'(1)
  'WYLD'  <=  'Wyld'(5), 'Wyld Gummies 5mg'(3)
  'RETRO BAKERY'  <=  'Retro Bakery'(28)
  'Minny Grown'  <=  'Minny Grown Gummies'(6), 'Minny Grown- 250 MG CBN'(3), 'Minny Grown- 50 MG THC'(3), 'Minny Grown 250mg CBN Gummies'(1)
  'Dizgo'  <=  'Dizgo Preroll'(5), 'Dizgo 3.5g'(1)
  'Crested River'  <=  'Crested River Soda 10mg'(7), 'Crested River Sodas'(1)
  'Botany Farms'  <=  'Botany Farms Gummies'(2)
  'RYTHM'  <=  'Rythm'(4)
  'Pre Roll'  <=  'Pre-Roll'(17)
  '&SHINE'  <=  'Cartridge -Shine'(1)
  'Pre-Roll-IX'  <=  'Pre-Rolls-IX'(6), 'Pre-rolls-IX'(4), 'Pre-rolls 0.5 g-IX'(3), 'Pre-rolls 0.33 g-IX'(1)
  'Natreum'  <=  'Natreum CBD Gummies'(7), 'Natreum Gummies 5mg'(4)
  'Lake Leaf-4G'  <=  'Lake Leaf-4G Flower'(9), 'Lake Leaf-3.5g Flower'(2), 'Lake Leaf-4g'(1)
  'Natreum Nano Gummies'  <=  'Natreum Nano Gummies 5mg'(7)
  'Looner Legal THC Cannabis Soda 10mg'  <=  'Looner Legal THC Cannabis Soda 10mg, 12oz'(7), 'Looner Legal THC Cannabis Lemonade 10mg 12oz'(3)
  'Pre-Packaged-IX'  <=  'Pre-packaged Flower-IX'(2)
  'Hiza Kyte'  <=  'Hiza Kyte Shot'(3)
  'Oliphant'  <=  'Oliphant 10mg'(8)
  'Camino Gummies 2mg'  <=  'Camino Gummies 5mg'(7)
  'Fulton NARC 3mg'  <=  'Fulton NARC 10mg'(5), 'Fulton NARC 5mg'(2)
  'MINNELEAF'  <=  'Minneleaf'(2)
  'MLLW'  <=  'Mllw'(1)
  'MAC Stomper'  <=  'Mac Stomper'(4)

Applied: rewrote brand on 308 products into 73 consolidated brands.
Backfilled images on 20 products (from matching siblings).
  +img: Looner | Peach Lemonade Single Can
  +img: Stargaze Vapes - 1g Disposable - Blueberry Cookies
  +img: Chocolate Bar | Key Lime Pie
  +img: Dark Chocolate S\'mores 50mg thc
  +img: Dark Chocolate Sea Salt Bar
  +img: Granny\'s Pretzels (birthday cake)
  +img: Grape Soda*10mg
  +img: Live Resin Vape-IX | Dizgo Collective | Orion | 1g | | 1 ct
  +img: Loon Labs Hemp Lotion 1000MG
  +img: Looner - Creme 10MG THC Soda
Generated 48 real price-drop deals (from 59 detected drops).
  Top: Freedom Soda Lemonade $8 -> $4.94 (-38%)
Wrote 30 dispensary comparison pages
Wrote 108 category-by-city pages
Wrote 41 strain-by-city pages
Wrote 6 dispensaries-near pages
Wrote market-insights page
Injected live counts: 141 dispensaries, 3,100+ products (3170 actual)
Cache-bust: data.js?v=dfbdc241, app.js?v=b14ed1ad
Injected internal crawl footer + fixed dead legal links into index.html
SEO build complete: 606 static pages + sitemap.xml
  Dispensaries:    141
  Categories:      8
  Brands:          74
  Cities:          85
  Neighborhoods:   7
  Top products:    91
  Total products:  3170
Sitemap pages: 607 | served dirs: 609 | orphans: 1 (0%)
DELETE jet-fuel-odder-popz-victoria
Pruned 1 orphan page directories.
[main 1adfb6a6] Auto-update: 2026-06-13 09:04 - fresh prices
 128 files changed, 8388 insertions(+), 7927 deletions(-)
 create mode 100644 brands/erba/index.html
 rename {jet-fuel-odder-popz-victoria => cheapest-cartridge-hopkins}/index.html (80%)
 create mode 100644 products/beverage/cream-soda-vanilla-cream-non-carbonated-10mg-355ml/index.html
 create mode 100644 products/flower/grapes-n-cream-big-buds-4g-2/index.html

==========================================
TCC Auto Scrape: Sat Jun 13 17:40:03 CDT 2026
==========================================
Auto-merging brands/index.html
CONFLICT (content): Merge conflict in brands/index.html
Auto-merging events/index.html
CONFLICT (content): Merge conflict in events/index.html
Auto-merging for-brands/index.html
CONFLICT (content): Merge conflict in for-brands/index.html
Auto-merging index.html
CONFLICT (content): Merge conflict in index.html
Auto-merging js/data.js
CONFLICT (content): Merge conflict in js/data.js
Auto-merging products/beverage/index.html
CONFLICT (content): Merge conflict in products/beverage/index.html
Auto-merging products/flower/index.html
CONFLICT (content): Merge conflict in products/flower/index.html
Auto-merging products/index.html
CONFLICT (content): Merge conflict in products/index.html
Auto-merging scraper/data/dispensary_shop_products.json
CONFLICT (content): Merge conflict in scraper/data/dispensary_shop_products.json
Auto-merging sitemap.xml
CONFLICT (content): Merge conflict in sitemap.xml
WARNING: git pull failed — running with local code

============================================================
Twin City Cannabis — Scraper v3
2026-06-13 17:40:07
============================================================

Fetching dispensary listings from Weedmaps...
Found 100 dispensaries
Saved 100 entries to /Users/joshsundby/Code/apps/twincitycannabis/scraper/data/dispensaries.json

============================================================
DISPENSARIES: 100
============================================================
  TCC  95 | Dispensary of Watertown                       | Watertown       |  51 reviews
  TCC  94 | Levels Cannabis - Ironwood                    | Ironwood        | 264 reviews
  TCC  93 | Off The Path Cannabis Dispensary              | Morton          | 153 reviews
  TCC  93 | ANANG Native Cannabis Co.                     | Cloquet         | 309 reviews
  TCC  92 | The Dispensary - SD                           | Harrisburg      |  39 reviews
  TCC  92 | nuEra - East Dubuque                          | East Dubuque    |  24 reviews
  TCC  91 | Bridge City Collective                        | East Dubuque    |  19 reviews
  TCC  90 | Wildflower North Loop                         | Minneapolis     |   1 reviews
  TCC  90 | Unanimous Cannabis                            | Minneapolis     |  18 reviews
  TCC  90 | Twin Cities High                              | Golden Valley   |   1 reviews
  TCC  90 | Lucky Strains Cannabis Dispensary             | New Brighton    |   4 reviews
  TCC  90 | Green Rose                                    | Minneapolis     |   3 reviews
  TCC  90 | DNA Dispensary                                | Saint Paul      |  23 reviews
  TCC  90 | MnLooN - St. Paul                             | Saint Paul      |   3 reviews
  TCC  90 | Lake Daze                                     | Hopkins         |   1 reviews
  TCC  90 | Edina Canna                                   | Edina           |  27 reviews
  TCC  90 | Feelin' MN                                    | Little Canada   |   8 reviews
  TCC  90 | Loon Leaf                                     | Blaine          |   4 reviews
  TCC  90 | Blaine Dispensary                             | Blaine          |   6 reviews
  TCC  90 | MN THC CO - LAKEVILLE                         | Lakeville       |   4 reviews
  TCC  90 | Green Canopy Craft Dispensary                 | Lakeland Shores |   1 reviews
  TCC  90 | The Cannabis Co.                              | St. Michael     |   2 reviews
  TCC  90 | Northern Crown Cannabis                       | Isanti          |   5 reviews
  TCC  90 | Mn thc co - Dundas                            | Dundas          |   1 reviews
  TCC  90 | Hempire LLC                                   | Rochester       |  21 reviews
  TCC  90 | Lake Leaf Dispensary                          | Isle            |   1 reviews
  TCC  90 | Lake Leaf Dispensary                          | Onamia          |  20 reviews
  TCC  90 | Winona Dispensary                             | Winona          |   2 reviews
  TCC  90 | Farmer’s Cannabis Co.                         | Aitkin          |   2 reviews
  TCC  90 | ANANG Tasting Lounge & Dispensary             | Carlton         |   2 reviews
  TCC  90 | MN Roots - Crosslake                          | Crosslake       |   1 reviews
  TCC  90 | La Canna                                      | La Crescent     |   4 reviews
  TCC  90 | North Shore Dispensary                        | Duluth          |   4 reviews
  TCC  90 | Lake Superior Dispensary                      | Duluth          |   1 reviews
  TCC  90 | Loonatixz Genetixz                            | Grand Rapids    |   2 reviews
  TCC  90 | Two Harbors Cannabis                          | Two Harbors     |   1 reviews
  TCC  90 | High Fidelity                                 | Luverne         |   7 reviews
  TCC  90 | Coastless                                     | Luverne         |   3 reviews
  TCC  90 | High Profile - Ironwood                       | Ironwood        |   8 reviews
  TCC  90 | Genesis Farms - Sioux Falls                   | Sioux Falls     |  44 reviews
  TCC  90 | Roy'zzz of Sioux Falls                        | Sioux Falls     |   6 reviews
  TCC  90 | East River Farms Medical Dispensary           | Sioux Falls     |   9 reviews
  TCC  90 | Unwind Dispensary                             | Moorhead        |   6 reviews
  TCC  89 | Wildflower                                    | Minneapolis     |  15 reviews
  TCC  89 | BlooMn                                        | Minneapolis     |  15 reviews
  TCC  89 | RISE Dispensary St. Paul                      | Saint Paul      |  14 reviews
  TCC  89 | Fridley Dispensary                            | Fridley         |   5 reviews
  TCC  89 | Minnesota Canna                               | Edina           |  17 reviews
  TCC  89 | Legacy Cannabis Woodbury                      | Woodbury        |  32 reviews
  TCC  89 | High 10 Dispensary                            | Ramsey          |   5 reviews
  TCC  89 | The Stash & Co                                | Rush City       |   5 reviews
  TCC  89 | Legacy Cannabis Duluth                        | Duluth          |  22 reviews
  TCC  88 | Frostbite Dispensary                          | Roseville       |  14 reviews
  TCC  88 | Minne Organix                                 | Victoria        |   6 reviews
  TCC  88 | Strains of the Earth                          | Jordan          |   9 reviews
  TCC  87 | Sweetleaves                                   | Minneapolis     |   7 reviews
  TCC  87 | higherplace                                   | Chaska          |  14 reviews
  TCC  86 | Legacy Cannabis Minneapolis                   | Minneapolis     |   2 reviews
  TCC  86 | Hopkins Dispensary                            | Hopkins         |  17 reviews
  TCC  86 | Anoka Cannabis Company                        | Anoka           |   5 reviews
  TCC  86 | Legit Cannabis                                | Rosemount       |  10 reviews
  TCC  85 | Island Peži                                   | Welch           |  47 reviews
  TCC  85 | RISE Dispensary St. Cloud                     | St. Cloud       |  11 reviews
  TCC  85 | Lake Leaf Dispensary                          | Hinckley        |  15 reviews
  TCC  85 | Iowa Cannabis Company                         | Waterloo        |   4 reviews
  TCC  84 | MN Roots Alexandria                           | Alexandria      |   5 reviews
  TCC  82 | Waabigwan Mashkiki - Moorhead                 | Moorhead        |  15 reviews
  TCC  82 | NativeCare - Red Lake                         | Blackduck       |  21 reviews
  TCC  81 | MnLooN - Minneapolis                          | Minneapolis     |   3 reviews
  TCC  80 | Waabigwan Mashkiki - St. Cloud                | St. Cloud       |  27 reviews
  TCC  79 | Dinky Dope Dispensary                         | Minneapolis     |   2 reviews
  TCC  78 | Nativecare - West St Paul                     | West St. Paul   |   4 reviews
  TCC  77 | Waabigwan Mashkiki - Mahnomen                 | Mahnomen        |  10 reviews
  TCC  76 | 5D Dispensary                                 | East Bethel     |   2 reviews
  TCC  73 | RISE Dispensary Eagan                         | Eagan           |  10 reviews
  TCC  70 | Cali Cannabis Dispensary Uptown               | Minneapolis     |   0 reviews
  TCC  70 | Watchtower Dispensary                         | Minneapolis     |   0 reviews
  TCC  70 | Bloom Wellness Dispensary - St Paul           | Saint Paul      |   0 reviews
  TCC  70 | Potshotz                                      | Saint Paul      |   0 reviews
  TCC  70 | Fort Road Cannabis                            | Saint Paul      |   0 reviews
  TCC  70 | Holy Smokes Cannabis                          | Minneapolis     |   0 reviews
  TCC  70 | Fullmelt Factory                              | Maple Grove     |   0 reviews
  TCC  70 | Green Box Cannabis                            | Lakeville       |   0 reviews
  TCC  70 | Litt Dispensaries LLC                         | Andover         |   0 reviews
  TCC  70 | Green 2 Go Dispensary                         | Hastings        |   0 reviews
  TCC  70 | Grazzhopper                                   | Big Lake        |   0 reviews
  TCC  70 | O'Buds Dispensary                             | Annandale       |   0 reviews
  TCC  70 | Healing Harvest                               | St. Peter       |   0 reviews
  TCC  70 | Black Bear Weed Dispensary Winona             | Winona          |   0 reviews
  TCC  70 | HWS Cannabis Company                          | Moose Lake      |   0 reviews
  TCC  70 | MN Roots Jenkins                              | Jenkins         |   0 reviews
  TCC  70 | Pipestone recreational Dispensary             | Pipestone       |   0 reviews
  TCC  70 | Genesis Farms - Brookings                     | Brookings       |   0 reviews
  TCC  70 | Dakota Dispensaries                           | Watertown       |   0 reviews
  TCC  70 | Ishkode Dispensary                            | Tower           |   0 reviews
  TCC  70 | Pure Dakota Health - Fargo                    | Fargo           |   0 reviews
  TCC  69 | Pot Mama's - Edina                            | Edina           |   1 reviews
  TCC  62 | Verist Fields                                 | Minneapolis     |   1 reviews
  TCC  62 | Pot Mama's                                    | Mendota Heights |   1 reviews
  TCC  62 | Grounded Gardens                              | Hutchinson      |   1 reviews

Exported 100 dispensaries to /Users/joshsundby/Code/apps/twincitycannabis/scraper/data/dispensaries_export.json
Review and run update_site.py to merge into data.js
PUSH_TRIGGER_TOKEN not set; skipping push trigger.
Loaded 100 total dispensaries from scraper
Merged 54 manually-added dispensaries from manual_dispensaries.json
Filtered to 141 dispensaries (metro + manual includes)
Updated data.js with dispensary data at 2026-06-13 17:40
Bumped freshness timestamp → 2026-06-13T22:40:11.000Z

Live site will update on next GitHub Pages deploy.
  TCC  93 | Off The Path Cannabis Dispensary         | Morton
  TCC  93 | ANANG Native Cannabis Co.                | Cloquet
  TCC  90 | Wildflower North Loop                    | Minneapolis
  TCC  90 | Unanimous Cannabis                       | Minneapolis
  TCC  90 | Twin Cities High                         | Golden Valley
  TCC  90 | Lucky Strains Cannabis Dispensary        | New Brighton
  TCC  90 | Green Rose                               | Minneapolis
  TCC  90 | DNA Dispensary                           | Saint Paul
  TCC  90 | MnLooN - St. Paul                        | Saint Paul
  TCC  90 | Lake Daze                                | Hopkins
  TCC  90 | Edina Canna                              | Edina
  TCC  90 | Feelin' MN                               | Little Canada
  TCC  90 | Loon Leaf                                | Blaine
  TCC  90 | Blaine Dispensary                        | Blaine
  TCC  90 | MN THC CO - LAKEVILLE                    | Lakeville
  TCC  90 | Green Canopy Craft Dispensary            | Lakeland Shores
  TCC  90 | The Cannabis Co.                         | St. Michael
  TCC  90 | Northern Crown Cannabis                  | Isanti
  TCC  90 | Mn thc co - Dundas                       | Dundas
  TCC  90 | Hempire LLC                              | Rochester
  TCC  90 | Lake Leaf Dispensary                     | Isle
  TCC  90 | Lake Leaf Dispensary                     | Onamia
  TCC  90 | Winona Dispensary                        | Winona
  TCC  90 | Farmer’s Cannabis Co.                    | Aitkin
  TCC  90 | ANANG Tasting Lounge & Dispensary        | Carlton
  TCC  90 | MN Roots - Crosslake                     | Crosslake
  TCC  90 | La Canna                                 | La Crescent
  TCC  90 | North Shore Dispensary                   | Duluth
  TCC  90 | Lake Superior Dispensary                 | Duluth
  TCC  90 | Loonatixz Genetixz                       | Grand Rapids
  TCC  90 | Two Harbors Cannabis                     | Two Harbors
  TCC  90 | High Fidelity                            | Luverne
  TCC  90 | Coastless                                | Luverne
  TCC  90 | Unwind Dispensary                        | Moorhead
  TCC  89 | Wildflower                               | Minneapolis
  TCC  89 | BlooMn                                   | Minneapolis
  TCC  89 | RISE Dispensary St. Paul                 | Saint Paul
  TCC  89 | Fridley Dispensary                       | Fridley
  TCC  89 | Minnesota Canna                          | Edina
  TCC  89 | Legacy Cannabis Woodbury                 | Woodbury
  TCC  89 | High 10 Dispensary                       | Ramsey
  TCC  89 | The Stash & Co                           | Rush City
  TCC  89 | Legacy Cannabis Duluth                   | Duluth
  TCC  88 | Frostbite Dispensary                     | Roseville
  TCC  88 | Minne Organix                            | Victoria
  TCC  88 | Strains of the Earth                     | Jordan
  TCC  87 | Sweetleaves                              | Minneapolis
  TCC  87 | higherplace                              | Chaska
  TCC  86 | Legacy Cannabis Minneapolis              | Minneapolis
  TCC  86 | Hopkins Dispensary                       | Hopkins
  TCC  86 | Anoka Cannabis Company                   | Anoka
  TCC  86 | Legit Cannabis                           | Rosemount
  TCC  85 | Island Peži                              | Welch
  TCC  85 | RISE Dispensary St. Cloud                | St. Cloud
  TCC  85 | Lake Leaf Dispensary                     | Hinckley
  TCC  84 | MN Roots Alexandria                      | Alexandria
  TCC  82 | Waabigwan Mashkiki - Moorhead            | Moorhead
  TCC  82 | NativeCare - Red Lake                    | Blackduck
  TCC  81 | MnLooN - Minneapolis                     | Minneapolis
  TCC  80 | Waabigwan Mashkiki - St. Cloud           | St. Cloud
  TCC  80 | NativeCare West St. Paul                 | West St. Paul
  TCC  79 | Dinky Dope Dispensary                    | Minneapolis
  TCC  78 | Nativecare - West St Paul                | West St. Paul
  TCC  78 | Aurora Cannabis MN                       | Prior Lake
  TCC  78 | Fort Road Cannabis                       | Saint Paul
  TCC  77 | Waabigwan Mashkiki - Mahnomen            | Mahnomen
  TCC  76 | 5D Dispensary                            | East Bethel
  TCC  75 | ADHI Enterprise LLC                      | Minneapolis
  TCC  75 | Huff and Puff Smoke Shop                 | Vadnais Heights
  TCC  75 | Twin Cities High LLC                     | Golden Valley
  TCC  75 | CannaJoyMN                               | Minneapolis
  TCC  75 | Silver Therapeutics Cannabis Company     | Stillwater
  TCC  75 | URBAN GREEN Dispensary                   | Brooklyn Park
  TCC  75 | Kodjo's Dispensary                       | St. Paul
  TCC  75 | Midway Cannabis                          | St. Paul
  TCC  75 | Feelin MN LLC                            | Little Canada
  TCC  75 | Flipside Dispensary and Music            | Minneapolis
  TCC  75 | The Lakes Dispensary                     | White Bear Lake
  TCC  75 | Vibes                                    | Shoreview
  TCC  75 | Da Spot Dispensary & Wellness            | Minneapolis
  TCC  75 | st paul cannabis                         | St Paul
  TCC  75 | Chaska Creek Cannabis                    | Chaska
  TCC  75 | Splitrock Farms Dispensary               | Champlin
  TCC  75 | Litt Dispensaries LLC L.L.C              | Andover
  TCC  75 | Rise                                     | St. Paul
  TCC  75 | Green Leaf Depot                         | Savage
  TCC  75 | Great Cannabis LLC                       | Becker
  TCC  75 | Weed Wishes Company                      | Cook
  TCC  75 | ABC Cannabis Co. LLP                     | Alexandria
  TCC  75 | Cuyuna Cannabis                          | Crosby
  TCC  75 | Black Bear Dispensary                    | Winona
  TCC  75 | Deep Roots LLC                           | Loretto
  TCC  75 | Gopher State Ganja LLC                   | Alexandria
  TCC  75 | Farmer's Cannabis Company                | Aitkin
  TCC  75 | Serene Acres Dispensary Inc              | Pipestone
  TCC  75 | The Flower Shop MN LLC                   | Luverne
  TCC  75 | canna corners                            | Thief River Falls
  TCC  75 | The Cannabis Co.                         | St. Michael
  TCC  75 | Altitude Dispensary                      | Monticello
  TCC  75 | 4 North                                  | New Ulm
  TCC  75 | Cloud Nine Farms LLC                     | Wilmar
  TCC  75 | Green Apple Cannabis                     | Breckenridge
  TCC  75 | Aeroflower LLC                           | Welcome
  TCC  75 | OUIDHAUS LLC                             | La Crescent
  TCC  75 | Grounded Gardens LLC                     | Hutchinson
  TCC  75 | Lake of the Woods Cannabis Company       | Baudette
  TCC  75 | Green Grass LLC                          | Luverne
  TCC  75 | Aficionados                              | Albert Lea
  TCC  75 | Pine Mountain Ventures LLC               | Baxter
  TCC  75 | Crafty Canna Mist LLC                    | Mankato
  TCC  75 | Voyager Cannabis Co                      | Mankato
  TCC  75 | Big Dream Organics                       | Albert Lea
  TCC  75 | Hastings Consulting LLC                  | Cross Lake
  TCC  75 | Mountain Sight Vision LLC                | Albert Lea
  TCC  75 | Black Husky LLC                          | Albert Lea
  TCC  75 | The Matchbox Dispensary                  | Albert Lea
  TCC  75 | The Smoking Tree                         | Albert Lea
  TCC  75 | Twin Cities Cannabis                     | Richfield
  TCC  73 | RISE Dispensary Eagan                    | Eagan
  TCC  70 | Cali Cannabis Dispensary Uptown          | Minneapolis
  TCC  70 | Watchtower Dispensary                    | Minneapolis
  TCC  70 | Bloom Wellness Dispensary - St Paul      | Saint Paul
  TCC  70 | Potshotz                                 | Saint Paul
  TCC  70 | Fort Road Cannabis                       | Saint Paul
  TCC  70 | Holy Smokes Cannabis                     | Minneapolis
  TCC  70 | Fullmelt Factory                         | Maple Grove
  TCC  70 | Green Box Cannabis                       | Lakeville
  TCC  70 | Litt Dispensaries LLC                    | Andover
  TCC  70 | Green 2 Go Dispensary                    | Hastings
  TCC  70 | Grazzhopper                              | Big Lake
  TCC  70 | O'Buds Dispensary                        | Annandale
  TCC  70 | Healing Harvest                          | St. Peter
  TCC  70 | Black Bear Weed Dispensary Winona        | Winona
  TCC  70 | HWS Cannabis Company                     | Moose Lake
  TCC  70 | MN Roots Jenkins                         | Jenkins
  TCC  70 | Pipestone recreational Dispensary        | Pipestone
  TCC  70 | Ishkode Dispensary                       | Tower
  TCC  69 | Pot Mama's - Edina                       | Edina
  TCC  62 | Verist Fields                            | Minneapolis
  TCC  62 | Pot Mama's                               | Mendota Heights
  TCC  62 | Grounded Gardens                         | Hutchinson

============================================================
Twin City Cannabis — Direct Menu Scraper
2026-06-13 17:40:27
============================================================

Fetching TC dispensary list...
Found 48 dispensaries with menus (8715 total products)

Wildflower North Loop (245 expected)...
  Page 1: 50 items (total: 50)
  Page 2: 50 items (total: 100)
  Page 3: 50 items (total: 150)
  Page 4: 50 items (total: 200)
  Page 5: 45 items (total: 245)

Wildflower (214 expected)...
  Page 1: 50 items (total: 50)
  Page 2: 50 items (total: 100)
  Page 3: 50 items (total: 150)
  Page 4: 50 items (total: 200)
  Page 5: 14 items (total: 214)

Sweetleaves (162 expected)...
  Page 1: 50 items (total: 50)
  Page 2: 50 items (total: 100)
  Page 3: 50 items (total: 150)
  Page 4: 11 items (total: 161)

Dinky Dope Dispensary (64 expected)...
  Page 1: 50 items (total: 50)
  Page 2: 14 items (total: 64)

MnLooN - Minneapolis (146 expected)...
  Page 1: 50 items (total: 50)
  Page 2: 50 items (total: 100)
  Page 3: 46 items (total: 146)

Legacy Cannabis Minneapolis (249 expected)...
  Page 1: 50 items (total: 50)
  Page 2: 50 items (total: 100)
  Page 3: 50 items (total: 150)
  Page 4: 50 items (total: 200)
  Page 5: 47 items (total: 247)

Unanimous Cannabis (47 expected)...
  Page 1: 46 items (total: 46)

Cali Cannabis Dispensary Uptown (407 expected)...
  Page 1: 50 items (total: 50)
  Page 2: 50 items (total: 100)
  Page 3: 50 items (total: 150)
  Page 4: 50 items (total: 200)
  Page 5: 50 items (total: 250)
  Page 6: 50 items (total: 300)
  Page 7: 50 items (total: 350)
  Page 8: 50 items (total: 400)
  Page 9: 7 items (total: 407)

BlooMn (173 expected)...
  Page 1: 50 items (total: 50)
  Page 2: 50 items (total: 100)
  Page 3: 50 items (total: 150)
  Page 4: 22 items (total: 172)

Watchtower Dispensary (10 expected)...
  Page 1: 10 items (total: 10)

Verist Fields (92 expected)...
  Page 1: 50 items (total: 50)
  Page 2: 42 items (total: 92)

Pot Mama's - Edina (166 expected)...
  Page 1: 50 items (total: 50)
  Page 2: 50 items (total: 100)
  Page 3: 50 items (total: 150)
  Page 4: 13 items (total: 163)

Potshotz (22 expected)...
  Page 1: 22 items (total: 22)

Frostbite Dispensary (327 expected)...
  Page 1: 50 items (total: 50)
  Page 2: 50 items (total: 100)
  Page 3: 50 items (total: 150)
  Page 4: 50 items (total: 200)
  Page 5: 50 items (total: 250)
  Page 6: 50 items (total: 300)
  Page 7: 27 items (total: 327)

Twin Cities High (7 expected)...
  Page 1: 6 items (total: 6)

Lucky Strains Cannabis Dispensary (28 expected)...
  Page 1: 28 items (total: 28)

Green Rose (277 expected)...
  Page 1: 50 items (total: 50)
  Page 2: 50 items (total: 100)
  Page 3: 50 items (total: 150)
  Page 4: 50 items (total: 200)
  Page 5: 50 items (total: 250)
  Page 6: 27 items (total: 277)

DNA Dispensary (138 expected)...
  Page 1: 50 items (total: 50)
  Page 2: 50 items (total: 100)
  Page 3: 38 items (total: 138)

MnLooN - St. Paul (141 expected)...
  Page 1: 50 items (total: 50)
  Page 2: 50 items (total: 100)
  Page 3: 39 items (total: 139)

Fort Road Cannabis (427 expected)...
  Page 1: 50 items (total: 50)
  Page 2: 50 items (total: 100)
  Page 3: 50 items (total: 150)
  Page 4: 50 items (total: 200)
  Page 5: 50 items (total: 250)
  Page 6: 50 items (total: 300)
  Page 7: 50 items (total: 350)
  Page 8: 50 items (total: 400)
  Page 9: 25 items (total: 425)

Holy Smokes Cannabis (87 expected)...
  Page 1: 50 items (total: 50)
  Page 2: 35 items (total: 85)

Lake Daze (267 expected)...
  Page 1: 50 items (total: 50)
  Page 2: 50 items (total: 100)
  Page 3: 50 items (total: 150)
  Page 4: 50 items (total: 200)
  Page 5: 50 items (total: 250)
  Page 6: 16 items (total: 266)

Edina Canna (236 expected)...
  Page 1: 50 items (total: 50)
  Page 2: 50 items (total: 100)
  Page 3: 50 items (total: 150)
  Page 4: 50 items (total: 200)
  Page 5: 35 items (total: 235)

Hopkins Dispensary (176 expected)...
  Page 1: 50 items (total: 50)
  Page 2: 50 items (total: 100)
  Page 3: 50 items (total: 150)
  Page 4: 26 items (total: 176)

Feelin' MN (137 expected)...
  Page 1: 50 items (total: 50)
  Page 2: 50 items (total: 100)
  Page 3: 37 items (total: 137)

Fridley Dispensary (290 expected)...
  Page 1: 50 items (total: 50)
  Page 2: 50 items (total: 100)
  Page 3: 50 items (total: 150)
  Page 4: 50 items (total: 200)
  Page 5: 50 items (total: 250)
  Page 6: 40 items (total: 290)

Pot Mama's (217 expected)...
  Page 1: 50 items (total: 50)
  Page 2: 50 items (total: 100)
  Page 3: 50 items (total: 150)
  Page 4: 50 items (total: 200)
  Page 5: 17 items (total: 217)

Minnesota Canna (238 expected)...
  Page 1: 50 items (total: 50)
  Page 2: 50 items (total: 100)
  Page 3: 50 items (total: 150)
  Page 4: 50 items (total: 200)
  Page 5: 37 items (total: 237)

Loon Leaf (138 expected)...
  Page 1: 50 items (total: 50)
  Page 2: 50 items (total: 100)
  Page 3: 37 items (total: 137)

Nativecare - West St Paul (146 expected)...
  Page 1: 50 items (total: 50)
  Page 2: 50 items (total: 100)
  Page 3: 44 items (total: 144)

RISE Dispensary Eagan (10 expected)...

Fullmelt Factory (81 expected)...
  Page 1: 50 items (total: 50)
  Page 2: 31 items (total: 81)

Anoka Cannabis Company (328 expected)...
  Page 1: 50 items (total: 50)
  Page 2: 50 items (total: 100)
  Page 3: 50 items (total: 150)
  Error: HTTPSConnectionPool(host='api-g.weedmaps.com', port=443): Read timed out. (read timeout=30)

Blaine Dispensary (216 expected)...
  Page 1: 50 items (total: 50)
  Page 2: 50 items (total: 100)
  Page 3: 50 items (total: 150)
  Page 4: 50 items (total: 200)
  Page 5: 6 items (total: 206)

Legacy Cannabis Woodbury (249 expected)...
  Page 1: 50 items (total: 50)
  Page 2: 50 items (total: 100)
  Page 3: 50 items (total: 150)
  Page 4: 50 items (total: 200)
  Page 5: 47 items (total: 247)

MN THC CO - LAKEVILLE (136 expected)...
  Page 1: 50 items (total: 50)
  Page 2: 50 items (total: 100)
  Page 3: 31 items (total: 131)

Legit Cannabis (39 expected)...
  Page 1: 39 items (total: 39)

High 10 Dispensary (91 expected)...
  Page 1: 50 items (total: 50)
  Page 2: 40 items (total: 90)

Green Box Cannabis (6 expected)...
  Page 1: 6 items (total: 6)

Litt Dispensaries LLC (29 expected)...
  Page 1: 26 items (total: 26)

higherplace (192 expected)...
  Page 1: 50 items (total: 50)
  Page 2: 50 items (total: 100)
  Page 3: 50 items (total: 150)
  Page 4: 39 items (total: 189)

Minne Organix (204 expected)...
  Page 1: 50 items (total: 50)
  Page 2: 50 items (total: 100)
  Page 3: 50 items (total: 150)
  Page 4: 50 items (total: 200)
  Page 5: 4 items (total: 204)

5D Dispensary (245 expected)...
  Page 1: 50 items (total: 50)
  Page 2: 50 items (total: 100)
  Page 3: 50 items (total: 150)
  Page 4: 50 items (total: 200)
  Page 5: 43 items (total: 243)

Green Canopy Craft Dispensary (396 expected)...
  Page 1: 50 items (total: 50)
  Page 2: 50 items (total: 100)
  Page 3: 50 items (total: 150)
  Page 4: 50 items (total: 200)
  Page 5: 50 items (total: 250)
  Page 6: 50 items (total: 300)
  Page 7: 50 items (total: 350)
  Page 8: 43 items (total: 393)

The Cannabis Co. (322 expected)...
  Page 1: 50 items (total: 50)
  Page 2: 50 items (total: 100)
  Page 3: 50 items (total: 150)
  Page 4: 50 items (total: 200)
  Page 5: 50 items (total: 250)
  Page 6: 50 items (total: 300)
  Page 7: 19 items (total: 319)

Green 2 Go Dispensary (133 expected)...
  Page 1: 50 items (total: 50)
  Page 2: 50 items (total: 100)
  Page 3: 33 items (total: 133)

Strains of the Earth (643 expected)...
  Page 1: 50 items (total: 50)
  Page 2: 50 items (total: 100)
  Page 3: 50 items (total: 150)
  Page 4: 50 items (total: 200)
  Page 5: 50 items (total: 250)
  Page 6: 50 items (total: 300)
  Page 7: 50 items (total: 350)
  Page 8: 50 items (total: 400)
  Page 9: 50 items (total: 450)
  Page 10: 50 items (total: 500)
  Page 11: 50 items (total: 550)
  Page 12: 50 items (total: 600)
  Page 13: 40 items (total: 640)

Northern Crown Cannabis (121 expected)...
  Page 1: 50 items (total: 50)
  Page 2: 50 items (total: 100)
  Page 3: 19 items (total: 119)

============================================================
TOTAL: 8469 products from 48 dispensaries
============================================================
  accessories: 3814
  edible: 1587
  flower: 1126
  beverage: 1001
  pre-roll: 420
  concentrate: 268
  topical: 165
  tincture: 51
  seed: 37
  [normalize] Excluded 4141 non-cannabis or junk products

3051 unique products (572 at multiple dispensaries)
Saved to /Users/joshsundby/Code/apps/twincitycannabis/scraper/data/full_menu_products.json

Updated data.js: 3051 products (572 at multiple dispensaries)
Parsed 141 dispensary entries
Replaced TCC.reviews with 599 real Google reviews

Updated 81 dispensaries with Google data
Skipped 60 (no cache entry)
Found 141 dispensary IDs
Parsed 3051 product entries
Removed 0 orphaned price refs
Dropped 0 products with no valid prices
Kept 3051 products
Removed 200 orphaned reviews

Updated /Users/joshsundby/Code/apps/twincitycannabis/js/data.js
Saved history for 10038 products
Recorded prices for 2026-06-13: 188 products updated
Total products tracked: 10038
Products with 2+ data points: 9887
Exported 10038 price histories (417 with real variation)
[fort-road-cannabis] fetching https://fortroadcannabis.dispensary.shop/rec/menu
  parsed 19 unique products
[twin-cities-cannabis-richfield] fetching https://twincitiescannabis.dispensary.shop/rec/menu
  HTTP error: HTTPSConnectionPool(host='twincitiescannabis.dispensary.shop', port=443): Read timed out. (read timeout=30)

Wrote 19 products to scraper/data/dispensary_shop_products.json
dispensary.shop dispensaries: fort-road-cannabis
Skipped 1 non-cannabis or unrecognized products
Added 18 dispensary.shop products to data.js
[lake-daze] fetching meadow org 2206
  raw: 198 products
  kept (cannabis only): 95

Wrote 95 products to /Users/joshsundby/Code/apps/twincitycannabis/scraper/data/meadow_products.json
Meadow dispensaries: lake-daze
Skipped 35 non-cannabis or unrecognized products
Added 60 Meadow products to data.js
Backfilled 0/3051 products with a strain type (0%)
  by type: {'indica': 0, 'sativa': 0, 'hybrid': 0}
  learned 398 strain phrases from real labels
Proposed brand merges: 73 clusters, 102 variant names -> canonical

  'Grasslandz'  <=  'Grasslandz-100MG THC'(1), 'Grasslandz-4G'(1)
  'Looner'  <=  'Looner 10mg'(10), 'Looner Gummies'(8), 'Looner Drink'(8), 'Looner Sodas'(5), 'Looner Lemonade Shots'(2), 'Looner Lemonades'(1) ...
  'Unbound'  <=  'Unbound Flower'(7), 'UNBOUND-3.5g'(1), 'Unbound Preroll'(1), 'Unbound Prerolls'(1)
  'WYLD'  <=  'Wyld'(5), 'Wyld Gummies 5mg'(3)
  'RETRO BAKERY'  <=  'Retro Bakery'(28)
  'Minny Grown'  <=  'Minny Grown Gummies'(6), 'Minny Grown- 250 MG CBN'(3), 'Minny Grown- 50 MG THC'(3), 'Minny Grown 250mg CBN Gummies'(1), 'Minny Grown 250mg CBG Gummies'(1)
  'Dizgo'  <=  'Dizgo Preroll'(5), 'Dizgo 3.5g'(1)
  'Crested River'  <=  'Crested River Soda 10mg'(7), 'Crested River Sodas'(1)
  'Botany Farms'  <=  'Botany Farms Gummies'(2)
  'RYTHM'  <=  'Rythm'(4)
  'Pre Roll'  <=  'Pre-Roll'(17)
  '&SHINE'  <=  'Cartridge -Shine'(1)
  'Pre-Roll-IX'  <=  'Pre-Rolls-IX'(6), 'Pre-rolls-IX'(4), 'Pre-rolls 0.5 g-IX'(3), 'Pre-rolls 0.33 g-IX'(1)
  'Natreum'  <=  'Natreum CBD Gummies'(7), 'Natreum Gummies 5mg'(4)
  'Lake Leaf-4G'  <=  'Lake Leaf-4G Flower'(9), 'Lake Leaf-3.5g Flower'(2), 'Lake Leaf-4g'(1)
  'Natreum Nano Gummies'  <=  'Natreum Nano Gummies 5mg'(7)
  'Looner Legal THC Cannabis Soda 10mg'  <=  'Looner Legal THC Cannabis Soda 10mg, 12oz'(7), 'Looner Legal THC Cannabis Lemonade 10mg 12oz'(3)
  'Pre-Packaged-IX'  <=  'Pre-packaged Flower-IX'(2)
  'Hiza Kyte'  <=  'Hiza Kyte Shot'(3)
  'Oliphant'  <=  'Oliphant 10mg'(8)
  'Camino Gummies 2mg'  <=  'Camino Gummies 5mg'(7)
  'Fulton NARC 3mg'  <=  'Fulton NARC 10mg'(5), 'Fulton NARC 5mg'(2)
  'MINNELEAF'  <=  'Minneleaf'(2)
  'MLLW'  <=  'Mllw'(1)
  'MAC Stomper'  <=  'Mac Stomper'(4)

Applied: rewrote brand on 307 products into 73 consolidated brands.
Backfilled images on 18 products (from matching siblings).
  +img: Stargaze Vapes - 1g Disposable - Blueberry Cookies
  +img: Chocolate Bar | Key Lime Pie
  +img: Dark Chocolate S\'mores 50mg thc
  +img: Dark Chocolate Sea Salt Bar
  +img: Granny\'s Pretzels (birthday cake)
  +img: Grape Soda*10mg
  +img: Live Resin Vape-IX | Dizgo Collective | Orion | 1g | | 1 ct
  +img: Loon Labs Hemp Lotion 1000MG
  +img: Looner - Dew 10MG THC Soda
  +img: Looner - Professor Pepper 10MG THC Soda
data.js failed to parse after brand steps — reverting

==========================================
TCC Auto Scrape: Sun Jun 14 09:00:02 CDT 2026
==========================================

============================================================
Twin City Cannabis — Scraper v3
2026-06-14 09:00:03
============================================================

Fetching dispensary listings from Weedmaps...
Found 100 dispensaries
Saved 100 entries to /Users/joshsundby/Code/apps/twincitycannabis/scraper/data/dispensaries.json

============================================================
DISPENSARIES: 100
============================================================
  TCC  95 | Dispensary of Watertown                       | Watertown       |  51 reviews
  TCC  94 | Levels Cannabis - Ironwood                    | Ironwood        | 264 reviews
  TCC  93 | Off The Path Cannabis Dispensary              | Morton          | 153 reviews
  TCC  93 | ANANG Native Cannabis Co.                     | Cloquet         | 309 reviews
  TCC  92 | The Dispensary - SD                           | Harrisburg      |  39 reviews
  TCC  92 | nuEra - East Dubuque                          | East Dubuque    |  24 reviews
  TCC  91 | Bridge City Collective                        | East Dubuque    |  19 reviews
  TCC  90 | Wildflower North Loop                         | Minneapolis     |   1 reviews
  TCC  90 | Unanimous Cannabis                            | Minneapolis     |  18 reviews
  TCC  90 | Lucky Strains Cannabis Dispensary             | New Brighton    |   4 reviews
  TCC  90 | Green Rose                                    | Minneapolis     |   3 reviews
  TCC  90 | DNA Dispensary                                | Saint Paul      |  23 reviews
  TCC  90 | MnLooN - St. Paul                             | Saint Paul      |   3 reviews
  TCC  90 | Lake Daze                                     | Hopkins         |   1 reviews
  TCC  90 | Edina Canna                                   | Edina           |  27 reviews
  TCC  90 | Feelin' MN                                    | Little Canada   |   8 reviews
  TCC  90 | Loon Leaf                                     | Blaine          |   4 reviews
  TCC  90 | Blaine Dispensary                             | Blaine          |   6 reviews
  TCC  90 | MN THC CO - LAKEVILLE                         | Lakeville       |   4 reviews
  TCC  90 | Green Canopy Craft Dispensary                 | Lakeland Shores |   1 reviews
  TCC  90 | The Cannabis Co.                              | St. Michael     |   2 reviews
  TCC  90 | Northern Crown Cannabis                       | Isanti          |   5 reviews
  TCC  90 | Mn thc co - Dundas                            | Dundas          |   1 reviews
  TCC  90 | Hempire LLC                                   | Rochester       |  21 reviews
  TCC  90 | Lake Leaf Dispensary                          | Isle            |   1 reviews
  TCC  90 | Lake Leaf Dispensary                          | Onamia          |  20 reviews
  TCC  90 | Winona Dispensary                             | Winona          |   2 reviews
  TCC  90 | Farmer’s Cannabis Co.                         | Aitkin          |   2 reviews
  TCC  90 | ANANG Tasting Lounge & Dispensary             | Carlton         |   2 reviews
  TCC  90 | MN Roots - Crosslake                          | Crosslake       |   1 reviews
  TCC  90 | La Canna                                      | La Crescent     |   4 reviews
  TCC  90 | North Shore Dispensary                        | Duluth          |   4 reviews
  TCC  90 | Lake Superior Dispensary                      | Duluth          |   1 reviews
  TCC  90 | Loonatixz Genetixz                            | Grand Rapids    |   2 reviews
  TCC  90 | Two Harbors Cannabis                          | Two Harbors     |   1 reviews
  TCC  90 | High Fidelity                                 | Luverne         |   7 reviews
  TCC  90 | Coastless                                     | Luverne         |   3 reviews
  TCC  90 | High Profile - Ironwood                       | Ironwood        |   8 reviews
  TCC  90 | Genesis Farms - Sioux Falls                   | Sioux Falls     |  44 reviews
  TCC  90 | Roy'zzz of Sioux Falls                        | Sioux Falls     |   6 reviews
  TCC  90 | East River Farms Medical Dispensary           | Sioux Falls     |   9 reviews
  TCC  90 | Unwind Dispensary                             | Moorhead        |   6 reviews
  TCC  89 | Wildflower                                    | Minneapolis     |  15 reviews
  TCC  89 | BlooMn                                        | Minneapolis     |  15 reviews
  TCC  89 | RISE Dispensary St. Paul                      | Saint Paul      |  14 reviews
  TCC  89 | Fridley Dispensary                            | Fridley         |   5 reviews
  TCC  89 | Minnesota Canna                               | Edina           |  17 reviews
  TCC  89 | Legacy Cannabis Woodbury                      | Woodbury        |  32 reviews
  TCC  89 | High 10 Dispensary                            | Ramsey          |   5 reviews
  TCC  89 | The Stash & Co                                | Rush City       |   5 reviews
  TCC  89 | Legacy Cannabis Duluth                        | Duluth          |  22 reviews
  TCC  88 | Frostbite Dispensary                          | Roseville       |  14 reviews
  TCC  88 | Minne Organix                                 | Victoria        |   6 reviews
  TCC  88 | Strains of the Earth                          | Jordan          |   9 reviews
  TCC  87 | Sweetleaves                                   | Minneapolis     |   7 reviews
  TCC  87 | higherplace                                   | Chaska          |  14 reviews
  TCC  86 | Legacy Cannabis Minneapolis                   | Minneapolis     |   2 reviews
  TCC  86 | Hopkins Dispensary                            | Hopkins         |  17 reviews
  TCC  86 | Anoka Cannabis Company                        | Anoka           |   5 reviews
  TCC  86 | Legit Cannabis                                | Rosemount       |  10 reviews
  TCC  85 | Island Peži                                   | Welch           |  47 reviews
  TCC  85 | RISE Dispensary St. Cloud                     | St. Cloud       |  11 reviews
  TCC  85 | Lake Leaf Dispensary                          | Hinckley        |  15 reviews
  TCC  85 | Iowa Cannabis Company                         | Waterloo        |   4 reviews
  TCC  84 | MN Roots Alexandria                           | Alexandria      |   5 reviews
  TCC  82 | Waabigwan Mashkiki - Moorhead                 | Moorhead        |  15 reviews
  TCC  82 | NativeCare - Red Lake                         | Blackduck       |  21 reviews
  TCC  81 | MnLooN - Minneapolis                          | Minneapolis     |   3 reviews
  TCC  80 | Waabigwan Mashkiki - St. Cloud                | St. Cloud       |  27 reviews
  TCC  79 | Dinky Dope Dispensary                         | Minneapolis     |   2 reviews
  TCC  78 | Nativecare - West St Paul                     | West St. Paul   |   4 reviews
  TCC  77 | Waabigwan Mashkiki - Mahnomen                 | Mahnomen        |  10 reviews
  TCC  76 | Twin Cities High                              | Golden Valley   |   2 reviews
  TCC  76 | 5D Dispensary                                 | East Bethel     |   2 reviews
  TCC  73 | RISE Dispensary Eagan                         | Eagan           |  10 reviews
  TCC  70 | Cali Cannabis Dispensary Uptown               | Minneapolis     |   0 reviews
  TCC  70 | Watchtower Dispensary                         | Minneapolis     |   0 reviews
  TCC  70 | Bloom Wellness Dispensary - St Paul           | Saint Paul      |   0 reviews
  TCC  70 | Potshotz                                      | Saint Paul      |   0 reviews
  TCC  70 | Fort Road Cannabis                            | Saint Paul      |   0 reviews
  TCC  70 | Holy Smokes Cannabis                          | Minneapolis     |   0 reviews
  TCC  70 | Fullmelt Factory                              | Maple Grove     |   0 reviews
  TCC  70 | Green Box Cannabis                            | Lakeville       |   0 reviews
  TCC  70 | Litt Dispensaries LLC                         | Andover         |   0 reviews
  TCC  70 | Green 2 Go Dispensary                         | Hastings        |   0 reviews
  TCC  70 | Grazzhopper                                   | Big Lake        |   0 reviews
  TCC  70 | O'Buds Dispensary                             | Annandale       |   0 reviews
  TCC  70 | Healing Harvest                               | St. Peter       |   0 reviews
  TCC  70 | Black Bear Weed Dispensary Winona             | Winona          |   0 reviews
  TCC  70 | HWS Cannabis Company                          | Moose Lake      |   0 reviews
  TCC  70 | MN Roots Jenkins                              | Jenkins         |   0 reviews
  TCC  70 | Pipestone recreational Dispensary             | Pipestone       |   0 reviews
  TCC  70 | Genesis Farms - Brookings                     | Brookings       |   0 reviews
  TCC  70 | Dakota Dispensaries                           | Watertown       |   0 reviews
  TCC  70 | Ishkode Dispensary                            | Tower           |   0 reviews
  TCC  70 | Pure Dakota Health - Fargo                    | Fargo           |   0 reviews
  TCC  69 | Pot Mama's - Edina                            | Edina           |   1 reviews
  TCC  62 | Verist Fields                                 | Minneapolis     |   1 reviews
  TCC  62 | Pot Mama's                                    | Mendota Heights |   1 reviews
  TCC  62 | Grounded Gardens                              | Hutchinson      |   1 reviews

Exported 100 dispensaries to /Users/joshsundby/Code/apps/twincitycannabis/scraper/data/dispensaries_export.json
Review and run update_site.py to merge into data.js
PUSH_TRIGGER_TOKEN not set; skipping push trigger.
Loaded 100 total dispensaries from scraper
Merged 54 manually-added dispensaries from manual_dispensaries.json
Filtered to 141 dispensaries (metro + manual includes)
Updated data.js with dispensary data at 2026-06-14 09:00
Bumped freshness timestamp → 2026-06-14T14:00:07.000Z

Live site will update on next GitHub Pages deploy.
  TCC  93 | Off The Path Cannabis Dispensary         | Morton
  TCC  93 | ANANG Native Cannabis Co.                | Cloquet
  TCC  90 | Wildflower North Loop                    | Minneapolis
  TCC  90 | Unanimous Cannabis                       | Minneapolis
  TCC  90 | Lucky Strains Cannabis Dispensary        | New Brighton
  TCC  90 | Green Rose                               | Minneapolis
  TCC  90 | DNA Dispensary                           | Saint Paul
  TCC  90 | MnLooN - St. Paul                        | Saint Paul
  TCC  90 | Lake Daze                                | Hopkins
  TCC  90 | Edina Canna                              | Edina
  TCC  90 | Feelin' MN                               | Little Canada
  TCC  90 | Loon Leaf                                | Blaine
  TCC  90 | Blaine Dispensary                        | Blaine
  TCC  90 | MN THC CO - LAKEVILLE                    | Lakeville
  TCC  90 | Green Canopy Craft Dispensary            | Lakeland Shores
  TCC  90 | The Cannabis Co.                         | St. Michael
  TCC  90 | Northern Crown Cannabis                  | Isanti
  TCC  90 | Mn thc co - Dundas                       | Dundas
  TCC  90 | Hempire LLC                              | Rochester
  TCC  90 | Lake Leaf Dispensary                     | Isle
  TCC  90 | Lake Leaf Dispensary                     | Onamia
  TCC  90 | Winona Dispensary                        | Winona
  TCC  90 | Farmer’s Cannabis Co.                    | Aitkin
  TCC  90 | ANANG Tasting Lounge & Dispensary        | Carlton
  TCC  90 | MN Roots - Crosslake                     | Crosslake
  TCC  90 | La Canna                                 | La Crescent
  TCC  90 | North Shore Dispensary                   | Duluth
  TCC  90 | Lake Superior Dispensary                 | Duluth
  TCC  90 | Loonatixz Genetixz                       | Grand Rapids
  TCC  90 | Two Harbors Cannabis                     | Two Harbors
  TCC  90 | High Fidelity                            | Luverne
  TCC  90 | Coastless                                | Luverne
  TCC  90 | Unwind Dispensary                        | Moorhead
  TCC  89 | Wildflower                               | Minneapolis
  TCC  89 | BlooMn                                   | Minneapolis
  TCC  89 | RISE Dispensary St. Paul                 | Saint Paul
  TCC  89 | Fridley Dispensary                       | Fridley
  TCC  89 | Minnesota Canna                          | Edina
  TCC  89 | Legacy Cannabis Woodbury                 | Woodbury
  TCC  89 | High 10 Dispensary                       | Ramsey
  TCC  89 | The Stash & Co                           | Rush City
  TCC  89 | Legacy Cannabis Duluth                   | Duluth
  TCC  88 | Frostbite Dispensary                     | Roseville
  TCC  88 | Minne Organix                            | Victoria
  TCC  88 | Strains of the Earth                     | Jordan
  TCC  87 | Sweetleaves                              | Minneapolis
  TCC  87 | higherplace                              | Chaska
  TCC  86 | Legacy Cannabis Minneapolis              | Minneapolis
  TCC  86 | Hopkins Dispensary                       | Hopkins
  TCC  86 | Anoka Cannabis Company                   | Anoka
  TCC  86 | Legit Cannabis                           | Rosemount
  TCC  85 | Island Peži                              | Welch
  TCC  85 | RISE Dispensary St. Cloud                | St. Cloud
  TCC  85 | Lake Leaf Dispensary                     | Hinckley
  TCC  84 | MN Roots Alexandria                      | Alexandria
  TCC  82 | Waabigwan Mashkiki - Moorhead            | Moorhead
  TCC  82 | NativeCare - Red Lake                    | Blackduck
  TCC  81 | MnLooN - Minneapolis                     | Minneapolis
  TCC  80 | Waabigwan Mashkiki - St. Cloud           | St. Cloud
  TCC  80 | NativeCare West St. Paul                 | West St. Paul
  TCC  79 | Dinky Dope Dispensary                    | Minneapolis
  TCC  78 | Nativecare - West St Paul                | West St. Paul
  TCC  78 | Aurora Cannabis MN                       | Prior Lake
  TCC  78 | Fort Road Cannabis                       | Saint Paul
  TCC  77 | Waabigwan Mashkiki - Mahnomen            | Mahnomen
  TCC  76 | Twin Cities High                         | Golden Valley
  TCC  76 | 5D Dispensary                            | East Bethel
  TCC  75 | ADHI Enterprise LLC                      | Minneapolis
  TCC  75 | Huff and Puff Smoke Shop                 | Vadnais Heights
  TCC  75 | Twin Cities High LLC                     | Golden Valley
  TCC  75 | CannaJoyMN                               | Minneapolis
  TCC  75 | Silver Therapeutics Cannabis Company     | Stillwater
  TCC  75 | URBAN GREEN Dispensary                   | Brooklyn Park
  TCC  75 | Kodjo's Dispensary                       | St. Paul
  TCC  75 | Midway Cannabis                          | St. Paul
  TCC  75 | Feelin MN LLC                            | Little Canada
  TCC  75 | Flipside Dispensary and Music            | Minneapolis
  TCC  75 | The Lakes Dispensary                     | White Bear Lake
  TCC  75 | Vibes                                    | Shoreview
  TCC  75 | Da Spot Dispensary & Wellness            | Minneapolis
  TCC  75 | st paul cannabis                         | St Paul
  TCC  75 | Chaska Creek Cannabis                    | Chaska
  TCC  75 | Splitrock Farms Dispensary               | Champlin
  TCC  75 | Litt Dispensaries LLC L.L.C              | Andover
  TCC  75 | Rise                                     | St. Paul
  TCC  75 | Green Leaf Depot                         | Savage
  TCC  75 | Great Cannabis LLC                       | Becker
  TCC  75 | Weed Wishes Company                      | Cook
  TCC  75 | ABC Cannabis Co. LLP                     | Alexandria
  TCC  75 | Cuyuna Cannabis                          | Crosby
  TCC  75 | Black Bear Dispensary                    | Winona
  TCC  75 | Deep Roots LLC                           | Loretto
  TCC  75 | Gopher State Ganja LLC                   | Alexandria
  TCC  75 | Farmer's Cannabis Company                | Aitkin
  TCC  75 | Serene Acres Dispensary Inc              | Pipestone
  TCC  75 | The Flower Shop MN LLC                   | Luverne
  TCC  75 | canna corners                            | Thief River Falls
  TCC  75 | The Cannabis Co.                         | St. Michael
  TCC  75 | Altitude Dispensary                      | Monticello
  TCC  75 | 4 North                                  | New Ulm
  TCC  75 | Cloud Nine Farms LLC                     | Wilmar
  TCC  75 | Green Apple Cannabis                     | Breckenridge
  TCC  75 | Aeroflower LLC                           | Welcome
  TCC  75 | OUIDHAUS LLC                             | La Crescent
  TCC  75 | Grounded Gardens LLC                     | Hutchinson
  TCC  75 | Lake of the Woods Cannabis Company       | Baudette
  TCC  75 | Green Grass LLC                          | Luverne
  TCC  75 | Aficionados                              | Albert Lea
  TCC  75 | Pine Mountain Ventures LLC               | Baxter
  TCC  75 | Crafty Canna Mist LLC                    | Mankato
  TCC  75 | Voyager Cannabis Co                      | Mankato
  TCC  75 | Big Dream Organics                       | Albert Lea
  TCC  75 | Hastings Consulting LLC                  | Cross Lake
  TCC  75 | Mountain Sight Vision LLC                | Albert Lea
  TCC  75 | Black Husky LLC                          | Albert Lea
  TCC  75 | The Matchbox Dispensary                  | Albert Lea
  TCC  75 | The Smoking Tree                         | Albert Lea
  TCC  75 | Twin Cities Cannabis                     | Richfield
  TCC  73 | RISE Dispensary Eagan                    | Eagan
  TCC  70 | Cali Cannabis Dispensary Uptown          | Minneapolis
  TCC  70 | Watchtower Dispensary                    | Minneapolis
  TCC  70 | Bloom Wellness Dispensary - St Paul      | Saint Paul
  TCC  70 | Potshotz                                 | Saint Paul
  TCC  70 | Fort Road Cannabis                       | Saint Paul
  TCC  70 | Holy Smokes Cannabis                     | Minneapolis
  TCC  70 | Fullmelt Factory                         | Maple Grove
  TCC  70 | Green Box Cannabis                       | Lakeville
  TCC  70 | Litt Dispensaries LLC                    | Andover
  TCC  70 | Green 2 Go Dispensary                    | Hastings
  TCC  70 | Grazzhopper                              | Big Lake
  TCC  70 | O'Buds Dispensary                        | Annandale
  TCC  70 | Healing Harvest                          | St. Peter
  TCC  70 | Black Bear Weed Dispensary Winona        | Winona
  TCC  70 | HWS Cannabis Company                     | Moose Lake
  TCC  70 | MN Roots Jenkins                         | Jenkins
  TCC  70 | Pipestone recreational Dispensary        | Pipestone
  TCC  70 | Ishkode Dispensary                       | Tower
  TCC  69 | Pot Mama's - Edina                       | Edina
  TCC  62 | Verist Fields                            | Minneapolis
  TCC  62 | Pot Mama's                               | Mendota Heights
  TCC  62 | Grounded Gardens                         | Hutchinson

============================================================
Twin City Cannabis — Direct Menu Scraper
2026-06-14 09:00:07
============================================================

Fetching TC dispensary list...
Found 48 dispensaries with menus (8711 total products)

Wildflower North Loop (245 expected)...
  Page 1: 50 items (total: 50)
  Page 2: 50 items (total: 100)
  Page 3: 50 items (total: 150)
  Page 4: 50 items (total: 200)
  Page 5: 44 items (total: 244)

Wildflower (214 expected)...
  Page 1: 50 items (total: 50)
  Page 2: 50 items (total: 100)
  Page 3: 50 items (total: 150)
  Page 4: 50 items (total: 200)
  Page 5: 13 items (total: 213)

Sweetleaves (162 expected)...
  Page 1: 50 items (total: 50)
  Page 2: 50 items (total: 100)
  Page 3: 50 items (total: 150)
  Page 4: 9 items (total: 159)

Dinky Dope Dispensary (64 expected)...
  Page 1: 50 items (total: 50)
  Page 2: 13 items (total: 63)

MnLooN - Minneapolis (146 expected)...
  Page 1: 50 items (total: 50)
  Page 2: 50 items (total: 100)
  Page 3: 46 items (total: 146)

Legacy Cannabis Minneapolis (245 expected)...
  Page 1: 50 items (total: 50)
  Page 2: 50 items (total: 100)
  Page 3: 50 items (total: 150)
  Page 4: 50 items (total: 200)
  Page 5: 45 items (total: 245)

Unanimous Cannabis (47 expected)...
  Page 1: 46 items (total: 46)

Cali Cannabis Dispensary Uptown (407 expected)...
  Page 1: 50 items (total: 50)
  Page 2: 50 items (total: 100)
  Page 3: 50 items (total: 150)
  Page 4: 50 items (total: 200)
  Page 5: 50 items (total: 250)
  Page 6: 50 items (total: 300)
  Page 7: 50 items (total: 350)
  Page 8: 7 items (total: 357)

BlooMn (173 expected)...
  Page 1: 50 items (total: 50)
  Page 2: 50 items (total: 100)
  Page 3: 50 items (total: 150)
  Page 4: 21 items (total: 171)

Watchtower Dispensary (10 expected)...
  Page 1: 10 items (total: 10)

Verist Fields (92 expected)...
  Page 1: 50 items (total: 50)
  Page 2: 42 items (total: 92)

Pot Mama's - Edina (166 expected)...
  Page 1: 50 items (total: 50)
  Page 2: 50 items (total: 100)
  Page 3: 50 items (total: 150)
  Page 4: 13 items (total: 163)

Potshotz (22 expected)...
  Page 1: 22 items (total: 22)

Frostbite Dispensary (327 expected)...
  Page 1: 50 items (total: 50)
  Page 2: 50 items (total: 100)
  Page 3: 50 items (total: 150)
  Page 4: 50 items (total: 200)
  Page 5: 50 items (total: 250)
  Page 6: 50 items (total: 300)
  Page 7: 26 items (total: 326)

Twin Cities High (7 expected)...
  Page 1: 6 items (total: 6)

Lucky Strains Cannabis Dispensary (28 expected)...
  Page 1: 28 items (total: 28)

Green Rose (276 expected)...
  Page 1: 50 items (total: 50)
  Page 2: 50 items (total: 100)
  Page 3: 50 items (total: 150)
  Page 4: 50 items (total: 200)
  Page 5: 50 items (total: 250)
  Page 6: 26 items (total: 276)

DNA Dispensary (138 expected)...
  Page 1: 50 items (total: 50)
  Page 2: 50 items (total: 100)
  Page 3: 38 items (total: 138)

MnLooN - St. Paul (141 expected)...
  Page 1: 50 items (total: 50)
  Page 2: 50 items (total: 100)
  Page 3: 39 items (total: 139)

Fort Road Cannabis (425 expected)...
  Page 1: 50 items (total: 50)
  Page 2: 50 items (total: 100)
  Page 3: 50 items (total: 150)
  Page 4: 50 items (total: 200)
  Page 5: 50 items (total: 250)
  Page 6: 50 items (total: 300)
  Page 7: 50 items (total: 350)
  Page 8: 50 items (total: 400)
  Page 9: 25 items (total: 425)

Holy Smokes Cannabis (98 expected)...
  Page 1: 50 items (total: 50)
  Page 2: 48 items (total: 98)

Lake Daze (267 expected)...
  Page 1: 50 items (total: 50)
  Page 2: 50 items (total: 100)
  Page 3: 50 items (total: 150)
  Page 4: 50 items (total: 200)
  Page 5: 50 items (total: 250)
  Page 6: 16 items (total: 266)

Edina Canna (235 expected)...
  Page 1: 50 items (total: 50)
  Page 2: 50 items (total: 100)
  Page 3: 50 items (total: 150)
  Page 4: 50 items (total: 200)
  Page 5: 35 items (total: 235)

Hopkins Dispensary (176 expected)...
  Page 1: 50 items (total: 50)
  Page 2: 50 items (total: 100)
  Page 3: 50 items (total: 150)
  Page 4: 23 items (total: 173)

Feelin' MN (137 expected)...
  Page 1: 50 items (total: 50)
  Page 2: 50 items (total: 100)
  Page 3: 37 items (total: 137)

Fridley Dispensary (290 expected)...
  Page 1: 50 items (total: 50)
  Page 2: 50 items (total: 100)
  Page 3: 50 items (total: 150)
  Page 4: 50 items (total: 200)
  Page 5: 50 items (total: 250)
  Page 6: 40 items (total: 290)

Pot Mama's (217 expected)...
  Page 1: 50 items (total: 50)
  Page 2: 50 items (total: 100)
  Page 3: 50 items (total: 150)
  Page 4: 50 items (total: 200)
  Page 5: 17 items (total: 217)

Minnesota Canna (238 expected)...
  Page 1: 50 items (total: 50)
  Page 2: 50 items (total: 100)
  Page 3: 50 items (total: 150)
  Page 4: 50 items (total: 200)
  Page 5: 36 items (total: 236)

Loon Leaf (138 expected)...
  Page 1: 50 items (total: 50)
  Page 2: 50 items (total: 100)
  Page 3: 37 items (total: 137)

Nativecare - West St Paul (146 expected)...
  Page 1: 50 items (total: 50)
  Page 2: 50 items (total: 100)
  Page 3: 44 items (total: 144)

RISE Dispensary Eagan (10 expected)...

Fullmelt Factory (81 expected)...
  Page 1: 50 items (total: 50)
  Page 2: 31 items (total: 81)

Anoka Cannabis Company (328 expected)...
  Page 1: 50 items (total: 50)
  Page 2: 50 items (total: 100)
  Page 3: 50 items (total: 150)
  Page 4: 50 items (total: 200)
  Page 5: 50 items (total: 250)
  Page 6: 50 items (total: 300)
  Page 7: 25 items (total: 325)

Blaine Dispensary (216 expected)...
  Page 1: 50 items (total: 50)
  Page 2: 50 items (total: 100)
  Page 3: 50 items (total: 150)
  Page 4: 50 items (total: 200)
  Page 5: 6 items (total: 206)

Legacy Cannabis Woodbury (245 expected)...
  Page 1: 50 items (total: 50)
  Page 2: 50 items (total: 100)
  Page 3: 50 items (total: 150)
  Page 4: 50 items (total: 200)
  Page 5: 45 items (total: 245)

MN THC CO - LAKEVILLE (136 expected)...
  Page 1: 50 items (total: 50)
  Page 2: 50 items (total: 100)
  Page 3: 31 items (total: 131)

Legit Cannabis (39 expected)...
  Page 1: 39 items (total: 39)

High 10 Dispensary (91 expected)...
  Page 1: 50 items (total: 50)
  Page 2: 40 items (total: 90)

Green Box Cannabis (6 expected)...
  Page 1: 6 items (total: 6)

Litt Dispensaries LLC (29 expected)...
  Page 1: 26 items (total: 26)

higherplace (192 expected)...
  Page 1: 50 items (total: 50)
  Page 2: 50 items (total: 100)
  Page 3: 50 items (total: 150)
  Page 4: 39 items (total: 189)

Minne Organix (203 expected)...
  Page 1: 50 items (total: 50)
  Page 2: 50 items (total: 100)
  Page 3: 50 items (total: 150)
  Page 4: 50 items (total: 200)
  Page 5: 3 items (total: 203)

5D Dispensary (245 expected)...
  Page 1: 50 items (total: 50)
  Page 2: 50 items (total: 100)
  Page 3: 50 items (total: 150)
  Page 4: 50 items (total: 200)
  Page 5: 43 items (total: 243)

Green Canopy Craft Dispensary (396 expected)...
  Page 1: 50 items (total: 50)
  Page 2: 50 items (total: 100)
  Page 3: 50 items (total: 150)
  Page 4: 50 items (total: 200)
  Page 5: 50 items (total: 250)
  Page 6: 50 items (total: 300)
  Page 7: 50 items (total: 350)
  Page 8: 43 items (total: 393)

The Cannabis Co. (320 expected)...
  Page 1: 50 items (total: 50)
  Page 2: 50 items (total: 100)
  Page 3: 50 items (total: 150)
  Page 4: 50 items (total: 200)
  Page 5: 50 items (total: 250)
  Page 6: 50 items (total: 300)
  Page 7: 19 items (total: 319)

Green 2 Go Dispensary (133 expected)...
  Page 1: 50 items (total: 50)
  Page 2: 50 items (total: 100)
  Page 3: 33 items (total: 133)

Strains of the Earth (643 expected)...
  Page 1: 50 items (total: 50)
  Page 2: 50 items (total: 100)
  Page 3: 50 items (total: 150)
  Page 4: 50 items (total: 200)
  Page 5: 50 items (total: 250)
  Page 6: 50 items (total: 300)
  Page 7: 50 items (total: 350)
  Page 8: 50 items (total: 400)
  Page 9: 50 items (total: 450)
  Page 10: 50 items (total: 500)
  Page 11: 50 items (total: 550)
  Page 12: 50 items (total: 600)
  Page 13: 39 items (total: 639)

Northern Crown Cannabis (121 expected)...
  Page 1: 50 items (total: 50)
  Page 2: 50 items (total: 100)
  Page 3: 19 items (total: 119)

============================================================
TOTAL: 8589 products from 48 dispensaries
============================================================
  accessories: 3937
  edible: 1594
  flower: 1120
  beverage: 1001
  pre-roll: 418
  concentrate: 265
  topical: 166
  tincture: 51
  seed: 37
  [normalize] Excluded 4260 non-cannabis or junk products

3053 unique products (568 at multiple dispensaries)
Saved to /Users/joshsundby/Code/apps/twincitycannabis/scraper/data/full_menu_products.json

Updated data.js: 3053 products (568 at multiple dispensaries)
Parsed 141 dispensary entries
Replaced TCC.reviews with 599 real Google reviews

Updated 81 dispensaries with Google data
Skipped 60 (no cache entry)
Found 141 dispensary IDs
Parsed 3053 product entries
Removed 0 orphaned price refs
Dropped 0 products with no valid prices
Kept 3053 products
Removed 200 orphaned reviews

Updated /Users/joshsundby/Code/apps/twincitycannabis/js/data.js
Saved history for 10042 products
Recorded prices for 2026-06-14: 238 products updated
Total products tracked: 10042
Products with 2+ data points: 9886
Exported 10042 price histories (422 with real variation)
[fort-road-cannabis] fetching https://fortroadcannabis.dispensary.shop/rec/menu
  parsed 19 unique products
[twin-cities-cannabis-richfield] fetching https://twincitiescannabis.dispensary.shop/rec/menu
  parsed 40 unique products

Wrote 59 products to scraper/data/dispensary_shop_products.json
dispensary.shop dispensaries: fort-road-cannabis, twin-cities-cannabis-richfield
Skipped 12 non-cannabis or unrecognized products
Added 47 dispensary.shop products to data.js
[lake-daze] fetching meadow org 2206
  raw: 198 products
  kept (cannabis only): 95

Wrote 95 products to /Users/joshsundby/Code/apps/twincitycannabis/scraper/data/meadow_products.json
Meadow dispensaries: lake-daze
Skipped 35 non-cannabis or unrecognized products
Added 60 Meadow products to data.js
Backfilled 0/3053 products with a strain type (0%)
  by type: {'indica': 0, 'sativa': 0, 'hybrid': 0}
  learned 398 strain phrases from real labels
Proposed brand merges: 73 clusters, 102 variant names -> canonical

  'Grasslandz'  <=  'Grasslandz-100MG THC'(1), 'Grasslandz-4G'(1)
  'Looner'  <=  'Looner 10mg'(10), 'Looner Gummies'(8), 'Looner Drink'(8), 'Looner Sodas'(5), 'Looner Lemonade Shots'(2), 'Looner Lemonades'(1) ...
  'Unbound'  <=  'Unbound Flower'(7), 'UNBOUND-3.5g'(1), 'Unbound Preroll'(1), 'Unbound Prerolls'(1)
  'WYLD'  <=  'Wyld'(5), 'Wyld Gummies 5mg'(3)
  'RETRO BAKERY'  <=  'Retro Bakery'(28)
  'Minny Grown'  <=  'Minny Grown Gummies'(6), 'Minny Grown- 250 MG CBN'(3), 'Minny Grown- 50 MG THC'(3), 'Minny Grown 250mg CBN Gummies'(1), 'Minny Grown 250mg CBG Gummies'(1)
  'Dizgo'  <=  'Dizgo Preroll'(5), 'Dizgo 3.5g'(1)
  'Crested River'  <=  'Crested River Soda 10mg'(7), 'Crested River Sodas'(1)
  'Botany Farms'  <=  'Botany Farms Gummies'(2)
  'RYTHM'  <=  'Rythm'(4)
  'Pre Roll'  <=  'Pre-Roll'(17)
  '&SHINE'  <=  'Cartridge -Shine'(1)
  'Pre-Roll-IX'  <=  'Pre-Rolls-IX'(6), 'Pre-rolls-IX'(4), 'Pre-rolls 0.5 g-IX'(3), 'Pre-rolls 0.33 g-IX'(1)
  'Natreum'  <=  'Natreum CBD Gummies'(7), 'Natreum Gummies 5mg'(4)
  'Lake Leaf-4G'  <=  'Lake Leaf-4G Flower'(9), 'Lake Leaf-3.5g Flower'(2), 'Lake Leaf-4g'(1)
  'Natreum Nano Gummies'  <=  'Natreum Nano Gummies 5mg'(7)
  'Looner Legal THC Cannabis Soda 10mg'  <=  'Looner Legal THC Cannabis Soda 10mg, 12oz'(7), 'Looner Legal THC Cannabis Lemonade 10mg 12oz'(3)
  'Pre-Packaged-IX'  <=  'Pre-packaged Flower-IX'(2)
  'Hiza Kyte'  <=  'Hiza Kyte Shot'(3)
  'Oliphant'  <=  'Oliphant 10mg'(8)
  'Camino Gummies 2mg'  <=  'Camino Gummies 5mg'(7)
  'Fulton NARC 3mg'  <=  'Fulton NARC 10mg'(5), 'Fulton NARC 5mg'(2)
  'MINNELEAF'  <=  'Minneleaf'(2)
  'MLLW'  <=  'Mllw'(1)
  'MAC Stomper'  <=  'Mac Stomper'(4)

Applied: rewrote brand on 307 products into 73 consolidated brands.
Backfilled images on 18 products (from matching siblings).
  +img: Stargaze Vapes - 1g Disposable - Blueberry Cookies
  +img: Chocolate Bar | Key Lime Pie
  +img: Dark Chocolate S\'mores 50mg thc
  +img: Dark Chocolate Sea Salt Bar
  +img: Granny\'s Pretzels (birthday cake)
  +img: Grape Soda*10mg
  +img: Live Resin Vape-IX | Dizgo Collective | Orion | 1g | | 1 ct
  +img: Loon Labs Hemp Lotion 1000MG
  +img: Looner - Dew 10MG THC Soda
  +img: Looner - Professor Pepper 10MG THC Soda
Generated 48 real price-drop deals (from 59 detected drops).
  Top: Freedom Soda Lemonade $8 -> $4.94 (-38%)
Wrote 30 dispensary comparison pages
Wrote 107 category-by-city pages
Wrote 40 strain-by-city pages
Wrote 6 dispensaries-near pages
Wrote market-insights page
Injected live counts: 141 dispensaries, 3,100+ products (3160 actual)
Cache-bust: data.js?v=1c621e04, app.js?v=57e2a4fb
Injected internal crawl footer + fixed dead legal links into index.html
SEO build complete: 606 static pages + sitemap.xml
  Dispensaries:    141
  Categories:      8
  Brands:          73
  Cities:          85
  Neighborhoods:   7
  Top products:    94
  Total products:  3160
Sitemap pages: 607 | served dirs: 615 | orphans: 7 (1%)
DELETE brands/nuqanna-cooler
DELETE cheapest-cartridge-hopkins
DELETE compare/unanimous-cannabis-vs-twin-cities-high
DELETE jet-fuel-odder-popz-victoria
DELETE products/beverage/cream-soda-vanilla-cream-non-carbonated-10mg-355ml
DELETE products/cartridge/romulan-disposable-1g
DELETE super-boof-richfield
Pruned 7 orphan page directories.
[main 8c93306f] Auto-update: 2026-06-14 09:04 - fresh prices
 192 files changed, 10504 insertions(+), 11175 deletions(-)
 delete mode 100644 brands/nuqanna-cooler/index.html
 rename compare/{unanimous-cannabis-vs-twin-cities-high => unanimous-cannabis-vs-lake-daze}/index.html (94%)
 rename products/{beverage/cream-soda-vanilla-cream-non-carbonated-10mg-355ml => edible/highbernate-moon-melon-gummies-10pk-5mg-ea}/index.html (82%)
 create mode 100644 products/edible/minny-grown-250mg-cbn-gummies-gummies-10pk-0mg-ea/index.html
 rename {super-boof-richfield => products/edible/peach-of-a-day-gummies-gummies-10pk-5mg-ea}/index.html (79%)
 rename {jet-fuel-odder-popz-victoria => products/edible/st-croix-tropical-sunrise-gummies-gummies-10pk-5mg-ea}/index.html (78%)
 rename products/{cartridge/romulan-disposable-1g => topical/topicals-balms-2fl-oz}/index.html (84%)
Pushed fresh data
Done: Sun Jun 14 09:04:24 CDT 2026

==========================================
TCC Auto Scrape: Sun Jun 14 17:30:05 CDT 2026
==========================================

============================================================
Twin City Cannabis — Scraper v3
2026-06-14 17:30:06
============================================================

Fetching dispensary listings from Weedmaps...
Found 100 dispensaries
Saved 100 entries to /Users/joshsundby/Code/apps/twincitycannabis/scraper/data/dispensaries.json

============================================================
DISPENSARIES: 100
============================================================
  TCC  95 | Dispensary of Watertown                       | Watertown       |  51 reviews
  TCC  94 | Levels Cannabis - Ironwood                    | Ironwood        | 264 reviews
  TCC  93 | Off The Path Cannabis Dispensary              | Morton          | 153 reviews
  TCC  93 | ANANG Native Cannabis Co.                     | Cloquet         | 309 reviews
  TCC  92 | The Dispensary - SD                           | Harrisburg      |  39 reviews
  TCC  92 | nuEra - East Dubuque                          | East Dubuque    |  24 reviews
  TCC  91 | Bridge City Collective                        | East Dubuque    |  20 reviews
  TCC  90 | Wildflower North Loop                         | Minneapolis     |   1 reviews
  TCC  90 | Unanimous Cannabis                            | Minneapolis     |  18 reviews
  TCC  90 | Lucky Strains Cannabis Dispensary             | New Brighton    |   4 reviews
  TCC  90 | Green Rose                                    | Minneapolis     |   3 reviews
  TCC  90 | DNA Dispensary                                | Saint Paul      |  23 reviews
  TCC  90 | MnLooN - St. Paul                             | Saint Paul      |   3 reviews
  TCC  90 | Lake Daze                                     | Hopkins         |   1 reviews
  TCC  90 | Edina Canna                                   | Edina           |  27 reviews
  TCC  90 | Feelin' MN                                    | Little Canada   |   8 reviews
  TCC  90 | Loon Leaf                                     | Blaine          |   4 reviews
  TCC  90 | Blaine Dispensary                             | Blaine          |   6 reviews
  TCC  90 | MN THC CO - LAKEVILLE                         | Lakeville       |   4 reviews
  TCC  90 | Green Canopy Craft Dispensary                 | Lakeland Shores |   1 reviews
  TCC  90 | The Cannabis Co.                              | St. Michael     |   2 reviews
  TCC  90 | Northern Crown Cannabis                       | Isanti          |   6 reviews
  TCC  90 | Mn thc co - Dundas                            | Dundas          |   1 reviews
  TCC  90 | Hempire LLC                                   | Rochester       |  21 reviews
  TCC  90 | Lake Leaf Dispensary                          | Isle            |   1 reviews
  TCC  90 | Lake Leaf Dispensary                          | Onamia          |  20 reviews
  TCC  90 | Winona Dispensary                             | Winona          |   2 reviews
  TCC  90 | Farmer’s Cannabis Co.                         | Aitkin          |   2 reviews
  TCC  90 | ANANG Tasting Lounge & Dispensary             | Carlton         |   2 reviews
  TCC  90 | MN Roots - Crosslake                          | Crosslake       |   1 reviews
  TCC  90 | La Canna                                      | La Crescent     |   4 reviews
  TCC  90 | North Shore Dispensary                        | Duluth          |   4 reviews
  TCC  90 | Lake Superior Dispensary                      | Duluth          |   1 reviews
  TCC  90 | Loonatixz Genetixz                            | Grand Rapids    |   2 reviews
  TCC  90 | Two Harbors Cannabis                          | Two Harbors     |   1 reviews
  TCC  90 | High Fidelity                                 | Luverne         |   7 reviews
  TCC  90 | Coastless                                     | Luverne         |   3 reviews
  TCC  90 | High Profile - Ironwood                       | Ironwood        |   8 reviews
  TCC  90 | Genesis Farms - Sioux Falls                   | Sioux Falls     |  44 reviews
  TCC  90 | Roy'zzz of Sioux Falls                        | Sioux Falls     |   6 reviews
  TCC  90 | East River Farms Medical Dispensary           | Sioux Falls     |   9 reviews
  TCC  90 | Unwind Dispensary                             | Moorhead        |   6 reviews
  TCC  89 | Wildflower                                    | Minneapolis     |  15 reviews
  TCC  89 | BlooMn                                        | Minneapolis     |  15 reviews
  TCC  89 | RISE Dispensary St. Paul                      | Saint Paul      |  14 reviews
  TCC  89 | Fridley Dispensary                            | Fridley         |   5 reviews
  TCC  89 | Minnesota Canna                               | Edina           |  17 reviews
  TCC  89 | Legacy Cannabis Woodbury                      | Woodbury        |  32 reviews
  TCC  89 | High 10 Dispensary                            | Ramsey          |   5 reviews
  TCC  89 | The Stash & Co                                | Rush City       |   5 reviews
  TCC  89 | Legacy Cannabis Duluth                        | Duluth          |  22 reviews
  TCC  88 | Frostbite Dispensary                          | Roseville       |  14 reviews
  TCC  88 | Minne Organix                                 | Victoria        |   6 reviews
  TCC  88 | Strains of the Earth                          | Jordan          |   9 reviews
  TCC  87 | Sweetleaves                                   | Minneapolis     |   7 reviews
  TCC  87 | higherplace                                   | Chaska          |  14 reviews
  TCC  86 | Legacy Cannabis Minneapolis                   | Minneapolis     |   2 reviews
  TCC  86 | Hopkins Dispensary                            | Hopkins         |  17 reviews
  TCC  86 | Anoka Cannabis Company                        | Anoka           |   5 reviews
  TCC  86 | Legit Cannabis                                | Rosemount       |  10 reviews
  TCC  85 | Island Peži                                   | Welch           |  47 reviews
  TCC  85 | RISE Dispensary St. Cloud                     | St. Cloud       |  11 reviews
  TCC  85 | Lake Leaf Dispensary                          | Hinckley        |  15 reviews
  TCC  85 | Iowa Cannabis Company                         | Waterloo        |   4 reviews
  TCC  84 | MN Roots Alexandria                           | Alexandria      |   5 reviews
  TCC  82 | Waabigwan Mashkiki - Moorhead                 | Moorhead        |  15 reviews
  TCC  82 | NativeCare - Red Lake                         | Blackduck       |  21 reviews
  TCC  81 | MnLooN - Minneapolis                          | Minneapolis     |   3 reviews
  TCC  80 | Waabigwan Mashkiki - St. Cloud                | St. Cloud       |  27 reviews
  TCC  78 | Nativecare - West St Paul                     | West St. Paul   |   4 reviews
  TCC  77 | Waabigwan Mashkiki - Mahnomen                 | Mahnomen        |  10 reviews
  TCC  76 | Twin Cities High                              | Golden Valley   |   2 reviews
  TCC  76 | 5D Dispensary                                 | East Bethel     |   2 reviews
  TCC  74 | Dinky Dope Dispensary                         | Minneapolis     |   3 reviews
  TCC  73 | RISE Dispensary Eagan                         | Eagan           |  10 reviews
  TCC  70 | Cali Cannabis Dispensary Uptown               | Minneapolis     |   0 reviews
  TCC  70 | Watchtower Dispensary                         | Minneapolis     |   0 reviews
  TCC  70 | Bloom Wellness Dispensary - St Paul           | Saint Paul      |   0 reviews
  TCC  70 | Potshotz                                      | Saint Paul      |   0 reviews
  TCC  70 | Fort Road Cannabis                            | Saint Paul      |   0 reviews
  TCC  70 | Holy Smokes Cannabis                          | Minneapolis     |   0 reviews
  TCC  70 | Fullmelt Factory                              | Maple Grove     |   0 reviews
  TCC  70 | Green Box Cannabis                            | Lakeville       |   0 reviews
  TCC  70 | Litt Dispensaries LLC                         | Andover         |   0 reviews
  TCC  70 | Green 2 Go Dispensary                         | Hastings        |   0 reviews
  TCC  70 | Grazzhopper                                   | Big Lake        |   0 reviews
  TCC  70 | O'Buds Dispensary                             | Annandale       |   0 reviews
  TCC  70 | Healing Harvest                               | St. Peter       |   0 reviews
  TCC  70 | Black Bear Weed Dispensary Winona             | Winona          |   0 reviews
  TCC  70 | HWS Cannabis Company                          | Moose Lake      |   0 reviews
  TCC  70 | MN Roots Jenkins                              | Jenkins         |   0 reviews
  TCC  70 | Pipestone recreational Dispensary             | Pipestone       |   0 reviews
  TCC  70 | Genesis Farms - Brookings                     | Brookings       |   0 reviews
  TCC  70 | Dakota Dispensaries                           | Watertown       |   0 reviews
  TCC  70 | Ishkode Dispensary                            | Tower           |   0 reviews
  TCC  70 | Pure Dakota Health - Fargo                    | Fargo           |   0 reviews
  TCC  69 | Pot Mama's - Edina                            | Edina           |   1 reviews
  TCC  62 | Verist Fields                                 | Minneapolis     |   1 reviews
  TCC  62 | Pot Mama's                                    | Mendota Heights |   1 reviews
  TCC  62 | Grounded Gardens                              | Hutchinson      |   1 reviews

Exported 100 dispensaries to /Users/joshsundby/Code/apps/twincitycannabis/scraper/data/dispensaries_export.json
Review and run update_site.py to merge into data.js
PUSH_TRIGGER_TOKEN not set; skipping push trigger.
Loaded 100 total dispensaries from scraper
Merged 54 manually-added dispensaries from manual_dispensaries.json
Filtered to 141 dispensaries (metro + manual includes)
Updated data.js with dispensary data at 2026-06-14 17:30
Bumped freshness timestamp → 2026-06-14T22:30:10.000Z

Live site will update on next GitHub Pages deploy.
  TCC  93 | Off The Path Cannabis Dispensary         | Morton
  TCC  93 | ANANG Native Cannabis Co.                | Cloquet
  TCC  90 | Wildflower North Loop                    | Minneapolis
  TCC  90 | Unanimous Cannabis                       | Minneapolis
  TCC  90 | Lucky Strains Cannabis Dispensary        | New Brighton
  TCC  90 | Green Rose                               | Minneapolis
  TCC  90 | DNA Dispensary                           | Saint Paul
  TCC  90 | MnLooN - St. Paul                        | Saint Paul
  TCC  90 | Lake Daze                                | Hopkins
  TCC  90 | Edina Canna                              | Edina
  TCC  90 | Feelin' MN                               | Little Canada
  TCC  90 | Loon Leaf                                | Blaine
  TCC  90 | Blaine Dispensary                        | Blaine
  TCC  90 | MN THC CO - LAKEVILLE                    | Lakeville
  TCC  90 | Green Canopy Craft Dispensary            | Lakeland Shores
  TCC  90 | The Cannabis Co.                         | St. Michael
  TCC  90 | Northern Crown Cannabis                  | Isanti
  TCC  90 | Mn thc co - Dundas                       | Dundas
  TCC  90 | Hempire LLC                              | Rochester
  TCC  90 | Lake Leaf Dispensary                     | Isle
  TCC  90 | Lake Leaf Dispensary                     | Onamia
  TCC  90 | Winona Dispensary                        | Winona
  TCC  90 | Farmer’s Cannabis Co.                    | Aitkin
  TCC  90 | ANANG Tasting Lounge & Dispensary        | Carlton
  TCC  90 | MN Roots - Crosslake                     | Crosslake
  TCC  90 | La Canna                                 | La Crescent
  TCC  90 | North Shore Dispensary                   | Duluth
  TCC  90 | Lake Superior Dispensary                 | Duluth
  TCC  90 | Loonatixz Genetixz                       | Grand Rapids
  TCC  90 | Two Harbors Cannabis                     | Two Harbors
  TCC  90 | High Fidelity                            | Luverne
  TCC  90 | Coastless                                | Luverne
  TCC  90 | Unwind Dispensary                        | Moorhead
  TCC  89 | Wildflower                               | Minneapolis
  TCC  89 | BlooMn                                   | Minneapolis
  TCC  89 | RISE Dispensary St. Paul                 | Saint Paul
  TCC  89 | Fridley Dispensary                       | Fridley
  TCC  89 | Minnesota Canna                          | Edina
  TCC  89 | Legacy Cannabis Woodbury                 | Woodbury
  TCC  89 | High 10 Dispensary                       | Ramsey
  TCC  89 | The Stash & Co                           | Rush City
  TCC  89 | Legacy Cannabis Duluth                   | Duluth
  TCC  88 | Frostbite Dispensary                     | Roseville
  TCC  88 | Minne Organix                            | Victoria
  TCC  88 | Strains of the Earth                     | Jordan
  TCC  87 | Sweetleaves                              | Minneapolis
  TCC  87 | higherplace                              | Chaska
  TCC  86 | Legacy Cannabis Minneapolis              | Minneapolis
  TCC  86 | Hopkins Dispensary                       | Hopkins
  TCC  86 | Anoka Cannabis Company                   | Anoka
  TCC  86 | Legit Cannabis                           | Rosemount
  TCC  85 | Island Peži                              | Welch
  TCC  85 | RISE Dispensary St. Cloud                | St. Cloud
  TCC  85 | Lake Leaf Dispensary                     | Hinckley
  TCC  84 | MN Roots Alexandria                      | Alexandria
  TCC  82 | Waabigwan Mashkiki - Moorhead            | Moorhead
  TCC  82 | NativeCare - Red Lake                    | Blackduck
  TCC  81 | MnLooN - Minneapolis                     | Minneapolis
  TCC  80 | Waabigwan Mashkiki - St. Cloud           | St. Cloud
  TCC  80 | NativeCare West St. Paul                 | West St. Paul
  TCC  78 | Nativecare - West St Paul                | West St. Paul
  TCC  78 | Aurora Cannabis MN                       | Prior Lake
  TCC  78 | Fort Road Cannabis                       | Saint Paul
  TCC  77 | Waabigwan Mashkiki - Mahnomen            | Mahnomen
  TCC  76 | Twin Cities High                         | Golden Valley
  TCC  76 | 5D Dispensary                            | East Bethel
  TCC  75 | ADHI Enterprise LLC                      | Minneapolis
  TCC  75 | Huff and Puff Smoke Shop                 | Vadnais Heights
  TCC  75 | Twin Cities High LLC                     | Golden Valley
  TCC  75 | CannaJoyMN                               | Minneapolis
  TCC  75 | Silver Therapeutics Cannabis Company     | Stillwater
  TCC  75 | URBAN GREEN Dispensary                   | Brooklyn Park
  TCC  75 | Kodjo's Dispensary                       | St. Paul
  TCC  75 | Midway Cannabis                          | St. Paul
  TCC  75 | Feelin MN LLC                            | Little Canada
  TCC  75 | Flipside Dispensary and Music            | Minneapolis
  TCC  75 | The Lakes Dispensary                     | White Bear Lake
  TCC  75 | Vibes                                    | Shoreview
  TCC  75 | Da Spot Dispensary & Wellness            | Minneapolis
  TCC  75 | st paul cannabis                         | St Paul
  TCC  75 | Chaska Creek Cannabis                    | Chaska
  TCC  75 | Splitrock Farms Dispensary               | Champlin
  TCC  75 | Litt Dispensaries LLC L.L.C              | Andover
  TCC  75 | Rise                                     | St. Paul
  TCC  75 | Green Leaf Depot                         | Savage
  TCC  75 | Great Cannabis LLC                       | Becker
  TCC  75 | Weed Wishes Company                      | Cook
  TCC  75 | ABC Cannabis Co. LLP                     | Alexandria
  TCC  75 | Cuyuna Cannabis                          | Crosby
  TCC  75 | Black Bear Dispensary                    | Winona
  TCC  75 | Deep Roots LLC                           | Loretto
  TCC  75 | Gopher State Ganja LLC                   | Alexandria
  TCC  75 | Farmer's Cannabis Company                | Aitkin
  TCC  75 | Serene Acres Dispensary Inc              | Pipestone
  TCC  75 | The Flower Shop MN LLC                   | Luverne
  TCC  75 | canna corners                            | Thief River Falls
  TCC  75 | The Cannabis Co.                         | St. Michael
  TCC  75 | Altitude Dispensary                      | Monticello
  TCC  75 | 4 North                                  | New Ulm
  TCC  75 | Cloud Nine Farms LLC                     | Wilmar
  TCC  75 | Green Apple Cannabis                     | Breckenridge
  TCC  75 | Aeroflower LLC                           | Welcome
  TCC  75 | OUIDHAUS LLC                             | La Crescent
  TCC  75 | Grounded Gardens LLC                     | Hutchinson
  TCC  75 | Lake of the Woods Cannabis Company       | Baudette
  TCC  75 | Green Grass LLC                          | Luverne
  TCC  75 | Aficionados                              | Albert Lea
  TCC  75 | Pine Mountain Ventures LLC               | Baxter
  TCC  75 | Crafty Canna Mist LLC                    | Mankato
  TCC  75 | Voyager Cannabis Co                      | Mankato
  TCC  75 | Big Dream Organics                       | Albert Lea
  TCC  75 | Hastings Consulting LLC                  | Cross Lake
  TCC  75 | Mountain Sight Vision LLC                | Albert Lea
  TCC  75 | Black Husky LLC                          | Albert Lea
  TCC  75 | The Matchbox Dispensary                  | Albert Lea
  TCC  75 | The Smoking Tree                         | Albert Lea
  TCC  75 | Twin Cities Cannabis                     | Richfield
  TCC  74 | Dinky Dope Dispensary                    | Minneapolis
  TCC  73 | RISE Dispensary Eagan                    | Eagan
  TCC  70 | Cali Cannabis Dispensary Uptown          | Minneapolis
  TCC  70 | Watchtower Dispensary                    | Minneapolis
  TCC  70 | Bloom Wellness Dispensary - St Paul      | Saint Paul
  TCC  70 | Potshotz                                 | Saint Paul
  TCC  70 | Fort Road Cannabis                       | Saint Paul
  TCC  70 | Holy Smokes Cannabis                     | Minneapolis
  TCC  70 | Fullmelt Factory                         | Maple Grove
  TCC  70 | Green Box Cannabis                       | Lakeville
  TCC  70 | Litt Dispensaries LLC                    | Andover
  TCC  70 | Green 2 Go Dispensary                    | Hastings
  TCC  70 | Grazzhopper                              | Big Lake
  TCC  70 | O'Buds Dispensary                        | Annandale
  TCC  70 | Healing Harvest                          | St. Peter
  TCC  70 | Black Bear Weed Dispensary Winona        | Winona
  TCC  70 | HWS Cannabis Company                     | Moose Lake
  TCC  70 | MN Roots Jenkins                         | Jenkins
  TCC  70 | Pipestone recreational Dispensary        | Pipestone
  TCC  70 | Ishkode Dispensary                       | Tower
  TCC  69 | Pot Mama's - Edina                       | Edina
  TCC  62 | Verist Fields                            | Minneapolis
  TCC  62 | Pot Mama's                               | Mendota Heights
  TCC  62 | Grounded Gardens                         | Hutchinson

============================================================
Twin City Cannabis — Direct Menu Scraper
2026-06-14 17:30:10
============================================================

Fetching TC dispensary list...
Found 48 dispensaries with menus (8671 total products)

Wildflower North Loop (245 expected)...
  Page 1: 50 items (total: 50)
  Page 2: 50 items (total: 100)
  Page 3: 50 items (total: 150)
  Page 4: 50 items (total: 200)
  Page 5: 41 items (total: 241)

Wildflower (213 expected)...
  Page 1: 50 items (total: 50)
  Page 2: 50 items (total: 100)
  Page 3: 50 items (total: 150)
  Page 4: 50 items (total: 200)
  Page 5: 13 items (total: 213)

Sweetleaves (159 expected)...
  Page 1: 50 items (total: 50)
  Page 2: 50 items (total: 100)
  Page 3: 50 items (total: 150)
  Page 4: 8 items (total: 158)

Dinky Dope Dispensary (64 expected)...
  Page 1: 50 items (total: 50)
  Page 2: 13 items (total: 63)

MnLooN - Minneapolis (145 expected)...
  Page 1: 50 items (total: 50)
  Page 2: 50 items (total: 100)
  Page 3: 45 items (total: 145)

Legacy Cannabis Minneapolis (243 expected)...
  Page 1: 50 items (total: 50)
  Page 2: 50 items (total: 100)
  Page 3: 50 items (total: 150)
  Page 4: 50 items (total: 200)
  Page 5: 40 items (total: 240)

Unanimous Cannabis (47 expected)...
  Page 1: 47 items (total: 47)

Cali Cannabis Dispensary Uptown (407 expected)...
  Page 1: 50 items (total: 50)
  Page 2: 50 items (total: 100)
  Page 3: 50 items (total: 150)
  Page 4: 50 items (total: 200)
  Page 5: 50 items (total: 250)
  Page 6: 50 items (total: 300)
  Page 7: 50 items (total: 350)
  Page 8: 7 items (total: 357)

BlooMn (171 expected)...
  Page 1: 50 items (total: 50)
  Page 2: 50 items (total: 100)
  Page 3: 50 items (total: 150)
  Page 4: 20 items (total: 170)

Watchtower Dispensary (10 expected)...
  Page 1: 10 items (total: 10)

Verist Fields (92 expected)...
  Page 1: 50 items (total: 50)
  Page 2: 42 items (total: 92)

Pot Mama's - Edina (161 expected)...
  Page 1: 50 items (total: 50)
  Page 2: 50 items (total: 100)
  Page 3: 50 items (total: 150)
  Page 4: 11 items (total: 161)

Potshotz (22 expected)...
  Page 1: 22 items (total: 22)

Frostbite Dispensary (325 expected)...
  Page 1: 50 items (total: 50)
  Page 2: 50 items (total: 100)
  Page 3: 50 items (total: 150)
  Page 4: 50 items (total: 200)
  Page 5: 50 items (total: 250)
  Page 6: 50 items (total: 300)
  Page 7: 25 items (total: 325)

Twin Cities High (7 expected)...
  Page 1: 6 items (total: 6)

Lucky Strains Cannabis Dispensary (28 expected)...
  Page 1: 28 items (total: 28)

Green Rose (276 expected)...
  Page 1: 50 items (total: 50)
  Page 2: 50 items (total: 100)
  Page 3: 50 items (total: 150)
  Page 4: 50 items (total: 200)
  Page 5: 50 items (total: 250)
  Page 6: 26 items (total: 276)

DNA Dispensary (138 expected)...
  Page 1: 50 items (total: 50)
  Page 2: 50 items (total: 100)
  Page 3: 38 items (total: 138)

MnLooN - St. Paul (139 expected)...
  Page 1: 50 items (total: 50)
  Page 2: 50 items (total: 100)
  Page 3: 37 items (total: 137)

Fort Road Cannabis (425 expected)...
  Page 1: 50 items (total: 50)
  Page 2: 50 items (total: 100)
  Page 3: 50 items (total: 150)
  Page 4: 50 items (total: 200)
  Page 5: 50 items (total: 250)
  Page 6: 50 items (total: 300)
  Page 7: 50 items (total: 350)
  Page 8: 50 items (total: 400)
  Page 9: 25 items (total: 425)

Holy Smokes Cannabis (98 expected)...
  Page 1: 50 items (total: 50)
  Page 2: 47 items (total: 97)

Lake Daze (267 expected)...
  Page 1: 50 items (total: 50)
  Page 2: 50 items (total: 100)
  Page 3: 50 items (total: 150)
  Page 4: 50 items (total: 200)
  Page 5: 50 items (total: 250)
  Page 6: 16 items (total: 266)

Edina Canna (233 expected)...
  Page 1: 50 items (total: 50)
  Page 2: 50 items (total: 100)
  Page 3: 50 items (total: 150)
  Page 4: 50 items (total: 200)
  Page 5: 33 items (total: 233)

Hopkins Dispensary (176 expected)...
  Page 1: 50 items (total: 50)
  Page 2: 50 items (total: 100)
  Page 3: 50 items (total: 150)
  Page 4: 23 items (total: 173)

Feelin' MN (136 expected)...
  Page 1: 50 items (total: 50)
  Page 2: 50 items (total: 100)
  Page 3: 33 items (total: 133)

Fridley Dispensary (290 expected)...
  Page 1: 50 items (total: 50)
  Page 2: 50 items (total: 100)
  Page 3: 50 items (total: 150)
  Page 4: 50 items (total: 200)
  Page 5: 50 items (total: 250)
  Page 6: 37 items (total: 287)

Pot Mama's (217 expected)...
  Page 1: 50 items (total: 50)
  Page 2: 50 items (total: 100)
  Page 3: 50 items (total: 150)
  Page 4: 50 items (total: 200)
  Page 5: 15 items (total: 215)

Minnesota Canna (237 expected)...
  Page 1: 50 items (total: 50)
  Page 2: 50 items (total: 100)
  Page 3: 50 items (total: 150)
  Page 4: 50 items (total: 200)
  Page 5: 37 items (total: 237)

Loon Leaf (136 expected)...
  Page 1: 50 items (total: 50)
  Page 2: 50 items (total: 100)
  Page 3: 36 items (total: 136)

Nativecare - West St Paul (146 expected)...
  Page 1: 50 items (total: 50)
  Page 2: 50 items (total: 100)
  Page 3: 47 items (total: 147)

RISE Dispensary Eagan (10 expected)...

Fullmelt Factory (81 expected)...
  Page 1: 50 items (total: 50)
  Page 2: 31 items (total: 81)

Anoka Cannabis Company (325 expected)...
  Page 1: 50 items (total: 50)
  Page 2: 50 items (total: 100)
  Page 3: 50 items (total: 150)
  Page 4: 50 items (total: 200)
  Page 5: 50 items (total: 250)
  Page 6: 50 items (total: 300)
  Page 7: 24 items (total: 324)

Blaine Dispensary (216 expected)...
  Page 1: 50 items (total: 50)
  Page 2: 50 items (total: 100)
  Page 3: 50 items (total: 150)
  Page 4: 50 items (total: 200)
  Page 5: 6 items (total: 206)

Legacy Cannabis Woodbury (243 expected)...
  Page 1: 50 items (total: 50)
  Page 2: 50 items (total: 100)
  Page 3: 50 items (total: 150)
  Page 4: 50 items (total: 200)
  Page 5: 40 items (total: 240)

MN THC CO - LAKEVILLE (131 expected)...
  Page 1: 50 items (total: 50)
  Page 2: 50 items (total: 100)
  Page 3: 31 items (total: 131)

Legit Cannabis (39 expected)...
  Page 1: 39 items (total: 39)

High 10 Dispensary (91 expected)...
  Page 1: 50 items (total: 50)
  Page 2: 40 items (total: 90)

Green Box Cannabis (6 expected)...
  Page 1: 6 items (total: 6)

Litt Dispensaries LLC (29 expected)...
  Page 1: 25 items (total: 25)

higherplace (192 expected)...
  Page 1: 50 items (total: 50)
  Page 2: 50 items (total: 100)
  Page 3: 50 items (total: 150)
  Page 4: 39 items (total: 189)

Minne Organix (203 expected)...
  Page 1: 50 items (total: 50)
  Page 2: 50 items (total: 100)
  Page 3: 50 items (total: 150)
  Page 4: 50 items (total: 200)
  Page 5: 3 items (total: 203)

5D Dispensary (245 expected)...
  Page 1: 50 items (total: 50)
  Page 2: 50 items (total: 100)
  Page 3: 50 items (total: 150)
  Page 4: 50 items (total: 200)
  Page 5: 42 items (total: 242)

Green Canopy Craft Dispensary (393 expected)...
  Page 1: 50 items (total: 50)
  Page 2: 50 items (total: 100)
  Page 3: 50 items (total: 150)
  Page 4: 50 items (total: 200)
  Page 5: 50 items (total: 250)
  Page 6: 50 items (total: 300)
  Page 7: 50 items (total: 350)
  Page 8: 43 items (total: 393)

The Cannabis Co. (320 expected)...
  Page 1: 50 items (total: 50)
  Page 2: 50 items (total: 100)
  Page 3: 50 items (total: 150)
  Page 4: 50 items (total: 200)
  Page 5: 50 items (total: 250)
  Page 6: 50 items (total: 300)
  Page 7: 18 items (total: 318)

Green 2 Go Dispensary (133 expected)...
  Page 1: 50 items (total: 50)
  Page 2: 50 items (total: 100)
  Page 3: 32 items (total: 132)

Strains of the Earth (643 expected)...
  Page 1: 50 items (total: 50)
  Page 2: 50 items (total: 100)
  Page 3: 50 items (total: 150)
  Page 4: 50 items (total: 200)
  Page 5: 50 items (total: 250)
  Page 6: 50 items (total: 300)
  Page 7: 50 items (total: 350)
  Page 8: 50 items (total: 400)
  Page 9: 50 items (total: 450)
  Page 10: 50 items (total: 500)
  Page 11: 50 items (total: 550)
  Page 12: 50 items (total: 600)
  Page 13: 35 items (total: 635)

Northern Crown Cannabis (118 expected)...
  Page 1: 50 items (total: 50)
  Page 2: 50 items (total: 100)
  Page 3: 18 items (total: 118)

============================================================
TOTAL: 8550 products from 48 dispensaries
============================================================
  accessories: 3932
  edible: 1584
  flower: 1112
  beverage: 997
  pre-roll: 413
  concentrate: 259
  topical: 166
  tincture: 50
  seed: 37
  [normalize] Excluded 4251 non-cannabis or junk products

3032 unique products (562 at multiple dispensaries)
Saved to /Users/joshsundby/Code/apps/twincitycannabis/scraper/data/full_menu_products.json

Updated data.js: 3032 products (562 at multiple dispensaries)
Parsed 141 dispensary entries
Replaced TCC.reviews with 599 real Google reviews

Updated 81 dispensaries with Google data
Skipped 60 (no cache entry)
Found 141 dispensary IDs
Parsed 3032 product entries
Removed 0 orphaned price refs
Dropped 0 products with no valid prices
Kept 3032 products
Removed 200 orphaned reviews

Updated /Users/joshsundby/Code/apps/twincitycannabis/js/data.js
Saved history for 10042 products
Recorded prices for 2026-06-14: 126 products updated
Total products tracked: 10042
Products with 2+ data points: 9887
Exported 10042 price histories (422 with real variation)
[fort-road-cannabis] fetching https://fortroadcannabis.dispensary.shop/rec/menu
  parsed 19 unique products
[twin-cities-cannabis-richfield] fetching https://twincitiescannabis.dispensary.shop/rec/menu
  parsed 39 unique products

Wrote 58 products to scraper/data/dispensary_shop_products.json
dispensary.shop dispensaries: fort-road-cannabis, twin-cities-cannabis-richfield
Skipped 11 non-cannabis or unrecognized products
Added 47 dispensary.shop products to data.js
[lake-daze] fetching meadow org 2206
  raw: 198 products
  kept (cannabis only): 95

Wrote 95 products to /Users/joshsundby/Code/apps/twincitycannabis/scraper/data/meadow_products.json
Meadow dispensaries: lake-daze
Skipped 35 non-cannabis or unrecognized products
Added 60 Meadow products to data.js
Backfilled 0/3032 products with a strain type (0%)
  by type: {'indica': 0, 'sativa': 0, 'hybrid': 0}
  learned 394 strain phrases from real labels
Proposed brand merges: 72 clusters, 100 variant names -> canonical

  'Grasslandz'  <=  'Grasslandz-100MG THC'(1), 'Grasslandz-4G'(1)
  'Looner'  <=  'Looner 10mg'(10), 'Looner Drink'(8), 'Looner Gummies'(6), 'Looner Sodas'(5), 'Looner Lemonade Shots'(2), 'Looner drink'(1)
  'Unbound'  <=  'Unbound Flower'(7), 'UNBOUND-3.5g'(1), 'Unbound Preroll'(1), 'Unbound Prerolls'(1)
  'WYLD'  <=  'Wyld'(5), 'Wyld Gummies 5mg'(3)
  'RETRO BAKERY'  <=  'Retro Bakery'(28)
  'Minny Grown'  <=  'Minny Grown Gummies'(6), 'Minny Grown- 250 MG CBN'(3), 'Minny Grown- 50 MG THC'(3), 'Minny Grown 250mg CBN Gummies'(1), 'Minny Grown 250mg CBG Gummies'(1)
  'Dizgo'  <=  'Dizgo Preroll'(5), 'Dizgo 3.5g'(1)
  'Crested River'  <=  'Crested River Soda 10mg'(7), 'Crested River Sodas'(1)
  'Botany Farms'  <=  'Botany Farms Gummies'(2)
  'RYTHM'  <=  'Rythm'(4)
  'Pre Roll'  <=  'Pre-Roll'(17)
  '&SHINE'  <=  'Cartridge -Shine'(1)
  'Pre-Roll-IX'  <=  'Pre-Rolls-IX'(6), 'Pre-rolls-IX'(4), 'Pre-rolls 0.5 g-IX'(3), 'Pre-rolls 0.33 g-IX'(1)
  'Lake Leaf-4G'  <=  'Lake Leaf-4G Flower'(9), 'Lake Leaf-3.5g Flower'(2), 'Lake Leaf-4g'(1)
  'Natreum'  <=  'Natreum CBD Gummies'(7), 'Natreum Gummies 5mg'(3)
  'Natreum Nano Gummies'  <=  'Natreum Nano Gummies 5mg'(7)
  'Looner Legal THC Cannabis Soda 10mg'  <=  'Looner Legal THC Cannabis Soda 10mg, 12oz'(7), 'Looner Legal THC Cannabis Lemonade 10mg 12oz'(3)
  'Pre-Packaged-IX'  <=  'Pre-packaged Flower-IX'(2)
  'Hiza Kyte'  <=  'Hiza Kyte Shot'(3)
  'Oliphant'  <=  'Oliphant 10mg'(8)
  'Fulton NARC 3mg'  <=  'Fulton NARC 10mg'(5), 'Fulton NARC 5mg'(2)
  'MINNELEAF'  <=  'Minneleaf'(2)
  'MLLW'  <=  'Mllw'(1)
  'MAC Stomper'  <=  'Mac Stomper'(4)
  'RCWM'  <=  'RCWM Co.'(1)

Applied: rewrote brand on 296 products into 72 consolidated brands.
Backfilled images on 16 products (from matching siblings).
  +img: Chocolate Bar | Key Lime Pie
  +img: Dark Chocolate S\'mores 50mg thc
  +img: Dark Chocolate Sea Salt Bar
  +img: Granny\'s Pretzels (birthday cake)
  +img: Grape Soda*10mg
  +img: Live Resin Vape-IX | Dizgo Collective | Orion | 1g | | 1 ct
  +img: Loon Labs Hemp Lotion 1000MG
  +img: Looner - Dew 10MG THC Soda
  +img: Looner - Professor Pepper 10MG THC Soda
  +img: Milk Chocolate bar 50mg THC
Generated 48 real price-drop deals (from 63 detected drops).
  Top: Therapeutics Tinctures $89.95 -> $49.97 (-44%)
Wrote 30 dispensary comparison pages
Wrote 107 category-by-city pages
Wrote 40 strain-by-city pages
Wrote 6 dispensaries-near pages
Wrote market-insights page
Injected live counts: 141 dispensaries, 3,100+ products (3139 actual)
Cache-bust: data.js?v=3600069f, app.js?v=57e2a4fb
Injected internal crawl footer + fixed dead legal links into index.html
SEO build complete: 606 static pages + sitemap.xml
  Dispensaries:    141
  Categories:      8
  Brands:          73
  Cities:          85
  Neighborhoods:   7
  Top products:    94
  Total products:  3139
No orphan pages. Nothing to prune.
[main a2f46e8d] Auto-update: 2026-06-14 17:34 - fresh prices
 113 files changed, 5825 insertions(+), 6314 deletions(-)
Pushed fresh data
Done: Sun Jun 14 17:34:27 CDT 2026

==========================================
TCC Auto Scrape: Mon Jun 15 09:00:03 CDT 2026
==========================================

============================================================
Twin City Cannabis — Scraper v3
2026-06-15 09:00:25
============================================================

Fetching dispensary listings from Weedmaps...
Found 100 dispensaries
Saved 100 entries to /Users/joshsundby/Code/apps/twincitycannabis/scraper/data/dispensaries.json

============================================================
DISPENSARIES: 100
============================================================
  TCC  95 | Dispensary of Watertown                       | Watertown       |  51 reviews
  TCC  94 | Levels Cannabis - Ironwood                    | Ironwood        | 264 reviews
  TCC  93 | Off The Path Cannabis Dispensary              | Morton          | 153 reviews
  TCC  93 | ANANG Native Cannabis Co.                     | Cloquet         | 309 reviews
  TCC  92 | The Dispensary - SD                           | Harrisburg      |  39 reviews
  TCC  92 | nuEra - East Dubuque                          | East Dubuque    |  24 reviews
  TCC  91 | Bridge City Collective                        | East Dubuque    |  20 reviews
  TCC  90 | Wildflower North Loop                         | Minneapolis     |   1 reviews
  TCC  90 | Unanimous Cannabis                            | Minneapolis     |  18 reviews
  TCC  90 | Lucky Strains Cannabis Dispensary             | New Brighton    |   4 reviews
  TCC  90 | Green Rose                                    | Minneapolis     |   3 reviews
  TCC  90 | DNA Dispensary                                | Saint Paul      |  23 reviews
  TCC  90 | MnLooN - St. Paul                             | Saint Paul      |   3 reviews
  TCC  90 | Lake Daze                                     | Hopkins         |   1 reviews
  TCC  90 | Edina Canna                                   | Edina           |  27 reviews
  TCC  90 | Feelin' MN                                    | Little Canada   |   8 reviews
  TCC  90 | Loon Leaf                                     | Blaine          |   4 reviews
  TCC  90 | Blaine Dispensary                             | Blaine          |   6 reviews
  TCC  90 | MN THC CO - LAKEVILLE                         | Lakeville       |   4 reviews
  TCC  90 | Green Canopy Craft Dispensary                 | Lakeland Shores |   1 reviews
  TCC  90 | The Cannabis Co.                              | St. Michael     |   2 reviews
  TCC  90 | Northern Crown Cannabis                       | Isanti          |   6 reviews
  TCC  90 | Mn thc co - Dundas                            | Dundas          |   1 reviews
  TCC  90 | Hempire LLC                                   | Rochester       |  21 reviews
  TCC  90 | Lake Leaf Dispensary                          | Isle            |   1 reviews
  TCC  90 | Lake Leaf Dispensary                          | Onamia          |  20 reviews
  TCC  90 | Winona Dispensary                             | Winona          |   2 reviews
  TCC  90 | Farmer’s Cannabis Co.                         | Aitkin          |   2 reviews
  TCC  90 | ANANG Tasting Lounge & Dispensary             | Carlton         |   2 reviews
  TCC  90 | MN Roots - Crosslake                          | Crosslake       |   1 reviews
  TCC  90 | North Shore Dispensary                        | Duluth          |   4 reviews
  TCC  90 | Lake Superior Dispensary                      | Duluth          |   1 reviews
  TCC  90 | Loonatixz Genetixz                            | Grand Rapids    |   2 reviews
  TCC  90 | Two Harbors Cannabis                          | Two Harbors     |   1 reviews
  TCC  90 | High Fidelity                                 | Luverne         |   7 reviews
  TCC  90 | Coastless                                     | Luverne         |   3 reviews
  TCC  90 | High Profile - Ironwood                       | Ironwood        |   8 reviews
  TCC  90 | Genesis Farms - Sioux Falls                   | Sioux Falls     |  44 reviews
  TCC  90 | Roy'zzz of Sioux Falls                        | Sioux Falls     |   6 reviews
  TCC  90 | East River Farms Medical Dispensary           | Sioux Falls     |   9 reviews
  TCC  90 | Unwind Dispensary                             | Moorhead        |   6 reviews
  TCC  89 | Wildflower                                    | Minneapolis     |  15 reviews
  TCC  89 | BlooMn                                        | Minneapolis     |  15 reviews
  TCC  89 | RISE Dispensary St. Paul                      | Saint Paul      |  14 reviews
  TCC  89 | Fridley Dispensary                            | Fridley         |   5 reviews
  TCC  89 | Minnesota Canna                               | Edina           |  17 reviews
  TCC  89 | Legacy Cannabis Woodbury                      | Woodbury        |  32 reviews
  TCC  89 | High 10 Dispensary                            | Ramsey          |   5 reviews
  TCC  89 | The Stash & Co                                | Rush City       |   5 reviews
  TCC  89 | Legacy Cannabis Duluth                        | Duluth          |  22 reviews
  TCC  88 | Frostbite Dispensary                          | Roseville       |  14 reviews
  TCC  88 | Minne Organix                                 | Victoria        |   6 reviews
  TCC  88 | Strains of the Earth                          | Jordan          |   9 reviews
  TCC  87 | Sweetleaves                                   | Minneapolis     |   7 reviews
  TCC  87 | higherplace                                   | Chaska          |  14 reviews
  TCC  86 | Legacy Cannabis Minneapolis                   | Minneapolis     |   2 reviews
  TCC  86 | Hopkins Dispensary                            | Hopkins         |  17 reviews
  TCC  86 | Anoka Cannabis Company                        | Anoka           |   5 reviews
  TCC  86 | Legit Cannabis                                | Rosemount       |  10 reviews
  TCC  86 | La Canna                                      | La Crescent     |   5 reviews
  TCC  85 | Island Peži                                   | Welch           |  47 reviews
  TCC  85 | RISE Dispensary St. Cloud                     | St. Cloud       |  11 reviews
  TCC  85 | Lake Leaf Dispensary                          | Hinckley        |  15 reviews
  TCC  85 | Iowa Cannabis Company                         | Waterloo        |   4 reviews
  TCC  84 | MN Roots Alexandria                           | Alexandria      |   5 reviews
  TCC  82 | Waabigwan Mashkiki - Moorhead                 | Moorhead        |  15 reviews
  TCC  82 | NativeCare - Red Lake                         | Blackduck       |  21 reviews
  TCC  81 | MnLooN - Minneapolis                          | Minneapolis     |   3 reviews
  TCC  80 | Nativecare - West St Paul                     | West St. Paul   |   5 reviews
  TCC  80 | Waabigwan Mashkiki - St. Cloud                | St. Cloud       |  27 reviews
  TCC  77 | Waabigwan Mashkiki - Mahnomen                 | Mahnomen        |  10 reviews
  TCC  76 | Twin Cities High                              | Golden Valley   |   2 reviews
  TCC  76 | 5D Dispensary                                 | East Bethel     |   2 reviews
  TCC  74 | Dinky Dope Dispensary                         | Minneapolis     |   3 reviews
  TCC  73 | RISE Dispensary Eagan                         | Eagan           |  10 reviews
  TCC  70 | Cali Cannabis Dispensary Uptown               | Minneapolis     |   0 reviews
  TCC  70 | Watchtower Dispensary                         | Minneapolis     |   0 reviews
  TCC  70 | Bloom Wellness Dispensary - St Paul           | Saint Paul      |   0 reviews
  TCC  70 | Potshotz                                      | Saint Paul      |   0 reviews
  TCC  70 | Fort Road Cannabis                            | Saint Paul      |   0 reviews
  TCC  70 | Holy Smokes Cannabis                          | Minneapolis     |   0 reviews
  TCC  70 | Fullmelt Factory                              | Maple Grove     |   0 reviews
  TCC  70 | Green Box Cannabis                            | Lakeville       |   0 reviews
  TCC  70 | Litt Dispensaries LLC                         | Andover         |   0 reviews
  TCC  70 | Green 2 Go Dispensary                         | Hastings        |   0 reviews
  TCC  70 | Grazzhopper                                   | Big Lake        |   0 reviews
  TCC  70 | O'Buds Dispensary                             | Annandale       |   0 reviews
  TCC  70 | Healing Harvest                               | St. Peter       |   0 reviews
  TCC  70 | Black Bear Weed Dispensary Winona             | Winona          |   0 reviews
  TCC  70 | HWS Cannabis Company                          | Moose Lake      |   0 reviews
  TCC  70 | MN Roots Jenkins                              | Jenkins         |   0 reviews
  TCC  70 | Pipestone recreational Dispensary             | Pipestone       |   0 reviews
  TCC  70 | Genesis Farms - Brookings                     | Brookings       |   0 reviews
  TCC  70 | Dakota Dispensaries                           | Watertown       |   0 reviews
  TCC  70 | Ishkode Dispensary                            | Tower           |   0 reviews
  TCC  70 | Pure Dakota Health - Fargo                    | Fargo           |   0 reviews
  TCC  69 | Pot Mama's - Edina                            | Edina           |   1 reviews
  TCC  62 | Verist Fields                                 | Minneapolis     |   1 reviews
  TCC  62 | Pot Mama's                                    | Mendota Heights |   1 reviews
  TCC  62 | Grounded Gardens                              | Hutchinson      |   1 reviews

Exported 100 dispensaries to /Users/joshsundby/Code/apps/twincitycannabis/scraper/data/dispensaries_export.json
Review and run update_site.py to merge into data.js
PUSH_TRIGGER_TOKEN not set; skipping push trigger.
Loaded 100 total dispensaries from scraper
Merged 54 manually-added dispensaries from manual_dispensaries.json
Filtered to 141 dispensaries (metro + manual includes)
Updated data.js with dispensary data at 2026-06-15 09:00
Bumped freshness timestamp → 2026-06-15T14:00:32.000Z

Live site will update on next GitHub Pages deploy.
  TCC  93 | Off The Path Cannabis Dispensary         | Morton
  TCC  93 | ANANG Native Cannabis Co.                | Cloquet
  TCC  90 | Wildflower North Loop                    | Minneapolis
  TCC  90 | Unanimous Cannabis                       | Minneapolis
  TCC  90 | Lucky Strains Cannabis Dispensary        | New Brighton
  TCC  90 | Green Rose                               | Minneapolis
  TCC  90 | DNA Dispensary                           | Saint Paul
  TCC  90 | MnLooN - St. Paul                        | Saint Paul
  TCC  90 | Lake Daze                                | Hopkins
  TCC  90 | Edina Canna                              | Edina
  TCC  90 | Feelin' MN                               | Little Canada
  TCC  90 | Loon Leaf                                | Blaine
  TCC  90 | Blaine Dispensary                        | Blaine
  TCC  90 | MN THC CO - LAKEVILLE                    | Lakeville
  TCC  90 | Green Canopy Craft Dispensary            | Lakeland Shores
  TCC  90 | The Cannabis Co.                         | St. Michael
  TCC  90 | Northern Crown Cannabis                  | Isanti
  TCC  90 | Mn thc co - Dundas                       | Dundas
  TCC  90 | Hempire LLC                              | Rochester
  TCC  90 | Lake Leaf Dispensary                     | Isle
  TCC  90 | Lake Leaf Dispensary                     | Onamia
  TCC  90 | Winona Dispensary                        | Winona
  TCC  90 | Farmer’s Cannabis Co.                    | Aitkin
  TCC  90 | ANANG Tasting Lounge & Dispensary        | Carlton
  TCC  90 | MN Roots - Crosslake                     | Crosslake
  TCC  90 | North Shore Dispensary                   | Duluth
  TCC  90 | Lake Superior Dispensary                 | Duluth
  TCC  90 | Loonatixz Genetixz                       | Grand Rapids
  TCC  90 | Two Harbors Cannabis                     | Two Harbors
  TCC  90 | High Fidelity                            | Luverne
  TCC  90 | Coastless                                | Luverne
  TCC  90 | Unwind Dispensary                        | Moorhead
  TCC  89 | Wildflower                               | Minneapolis
  TCC  89 | BlooMn                                   | Minneapolis
  TCC  89 | RISE Dispensary St. Paul                 | Saint Paul
  TCC  89 | Fridley Dispensary                       | Fridley
  TCC  89 | Minnesota Canna                          | Edina
  TCC  89 | Legacy Cannabis Woodbury                 | Woodbury
  TCC  89 | High 10 Dispensary                       | Ramsey
  TCC  89 | The Stash & Co                           | Rush City
  TCC  89 | Legacy Cannabis Duluth                   | Duluth
  TCC  88 | Frostbite Dispensary                     | Roseville
  TCC  88 | Minne Organix                            | Victoria
  TCC  88 | Strains of the Earth                     | Jordan
  TCC  87 | Sweetleaves                              | Minneapolis
  TCC  87 | higherplace                              | Chaska
  TCC  86 | Legacy Cannabis Minneapolis              | Minneapolis
  TCC  86 | Hopkins Dispensary                       | Hopkins
  TCC  86 | Anoka Cannabis Company                   | Anoka
  TCC  86 | Legit Cannabis                           | Rosemount
  TCC  86 | La Canna                                 | La Crescent
  TCC  85 | Island Peži                              | Welch
  TCC  85 | RISE Dispensary St. Cloud                | St. Cloud
  TCC  85 | Lake Leaf Dispensary                     | Hinckley
  TCC  84 | MN Roots Alexandria                      | Alexandria
  TCC  82 | Waabigwan Mashkiki - Moorhead            | Moorhead
  TCC  82 | NativeCare - Red Lake                    | Blackduck
  TCC  81 | MnLooN - Minneapolis                     | Minneapolis
  TCC  80 | Nativecare - West St Paul                | West St. Paul
  TCC  80 | Waabigwan Mashkiki - St. Cloud           | St. Cloud
  TCC  80 | NativeCare West St. Paul                 | West St. Paul
  TCC  78 | Aurora Cannabis MN                       | Prior Lake
  TCC  78 | Fort Road Cannabis                       | Saint Paul
  TCC  77 | Waabigwan Mashkiki - Mahnomen            | Mahnomen
  TCC  76 | Twin Cities High                         | Golden Valley
  TCC  76 | 5D Dispensary                            | East Bethel
  TCC  75 | ADHI Enterprise LLC                      | Minneapolis
  TCC  75 | Huff and Puff Smoke Shop                 | Vadnais Heights
  TCC  75 | Twin Cities High LLC                     | Golden Valley
  TCC  75 | CannaJoyMN                               | Minneapolis
  TCC  75 | Silver Therapeutics Cannabis Company     | Stillwater
  TCC  75 | URBAN GREEN Dispensary                   | Brooklyn Park
  TCC  75 | Kodjo's Dispensary                       | St. Paul
  TCC  75 | Midway Cannabis                          | St. Paul
  TCC  75 | Feelin MN LLC                            | Little Canada
  TCC  75 | Flipside Dispensary and Music            | Minneapolis
  TCC  75 | The Lakes Dispensary                     | White Bear Lake
  TCC  75 | Vibes                                    | Shoreview
  TCC  75 | Da Spot Dispensary & Wellness            | Minneapolis
  TCC  75 | st paul cannabis                         | St Paul
  TCC  75 | Chaska Creek Cannabis                    | Chaska
  TCC  75 | Splitrock Farms Dispensary               | Champlin
  TCC  75 | Litt Dispensaries LLC L.L.C              | Andover
  TCC  75 | Rise                                     | St. Paul
  TCC  75 | Green Leaf Depot                         | Savage
  TCC  75 | Great Cannabis LLC                       | Becker
  TCC  75 | Weed Wishes Company                      | Cook
  TCC  75 | ABC Cannabis Co. LLP                     | Alexandria
  TCC  75 | Cuyuna Cannabis                          | Crosby
  TCC  75 | Black Bear Dispensary                    | Winona
  TCC  75 | Deep Roots LLC                           | Loretto
  TCC  75 | Gopher State Ganja LLC                   | Alexandria
  TCC  75 | Farmer's Cannabis Company                | Aitkin
  TCC  75 | Serene Acres Dispensary Inc              | Pipestone
  TCC  75 | The Flower Shop MN LLC                   | Luverne
  TCC  75 | canna corners                            | Thief River Falls
  TCC  75 | The Cannabis Co.                         | St. Michael
  TCC  75 | Altitude Dispensary                      | Monticello
  TCC  75 | 4 North                                  | New Ulm
  TCC  75 | Cloud Nine Farms LLC                     | Wilmar
  TCC  75 | Green Apple Cannabis                     | Breckenridge
  TCC  75 | Aeroflower LLC                           | Welcome
  TCC  75 | OUIDHAUS LLC                             | La Crescent
  TCC  75 | Grounded Gardens LLC                     | Hutchinson
  TCC  75 | Lake of the Woods Cannabis Company       | Baudette
  TCC  75 | Green Grass LLC                          | Luverne
  TCC  75 | Aficionados                              | Albert Lea
  TCC  75 | Pine Mountain Ventures LLC               | Baxter
  TCC  75 | Crafty Canna Mist LLC                    | Mankato
  TCC  75 | Voyager Cannabis Co                      | Mankato
  TCC  75 | Big Dream Organics                       | Albert Lea
  TCC  75 | Hastings Consulting LLC                  | Cross Lake
  TCC  75 | Mountain Sight Vision LLC                | Albert Lea
  TCC  75 | Black Husky LLC                          | Albert Lea
  TCC  75 | The Matchbox Dispensary                  | Albert Lea
  TCC  75 | The Smoking Tree                         | Albert Lea
  TCC  75 | Twin Cities Cannabis                     | Richfield
  TCC  74 | Dinky Dope Dispensary                    | Minneapolis
  TCC  73 | RISE Dispensary Eagan                    | Eagan
  TCC  70 | Cali Cannabis Dispensary Uptown          | Minneapolis
  TCC  70 | Watchtower Dispensary                    | Minneapolis
  TCC  70 | Bloom Wellness Dispensary - St Paul      | Saint Paul
  TCC  70 | Potshotz                                 | Saint Paul
  TCC  70 | Fort Road Cannabis                       | Saint Paul
  TCC  70 | Holy Smokes Cannabis                     | Minneapolis
  TCC  70 | Fullmelt Factory                         | Maple Grove
  TCC  70 | Green Box Cannabis                       | Lakeville
  TCC  70 | Litt Dispensaries LLC                    | Andover
  TCC  70 | Green 2 Go Dispensary                    | Hastings
  TCC  70 | Grazzhopper                              | Big Lake
  TCC  70 | O'Buds Dispensary                        | Annandale
  TCC  70 | Healing Harvest                          | St. Peter
  TCC  70 | Black Bear Weed Dispensary Winona        | Winona
  TCC  70 | HWS Cannabis Company                     | Moose Lake
  TCC  70 | MN Roots Jenkins                         | Jenkins
  TCC  70 | Pipestone recreational Dispensary        | Pipestone
  TCC  70 | Ishkode Dispensary                       | Tower
  TCC  69 | Pot Mama's - Edina                       | Edina
  TCC  62 | Verist Fields                            | Minneapolis
  TCC  62 | Pot Mama's                               | Mendota Heights
  TCC  62 | Grounded Gardens                         | Hutchinson

============================================================
Twin City Cannabis — Direct Menu Scraper
2026-06-15 09:00:41
============================================================

Fetching TC dispensary list...
Found 48 dispensaries with menus (8654 total products)

Wildflower North Loop (245 expected)...
  Page 1: 50 items (total: 50)
  Page 2: 50 items (total: 100)
  Page 3: 50 items (total: 150)
  Page 4: 50 items (total: 200)
  Page 5: 40 items (total: 240)

Wildflower (212 expected)...
  Page 1: 50 items (total: 50)
  Page 2: 50 items (total: 100)
  Page 3: 50 items (total: 150)
  Page 4: 50 items (total: 200)
  Page 5: 12 items (total: 212)

Sweetleaves (158 expected)...
  Page 1: 50 items (total: 50)
  Page 2: 50 items (total: 100)
  Page 3: 50 items (total: 150)
  Page 4: 8 items (total: 158)

Dinky Dope Dispensary (64 expected)...
  Page 1: 50 items (total: 50)
  Page 2: 13 items (total: 63)

MnLooN - Minneapolis (144 expected)...
  Page 1: 50 items (total: 50)
  Page 2: 50 items (total: 100)
  Page 3: 44 items (total: 144)

Legacy Cannabis Minneapolis (239 expected)...
  Page 1: 50 items (total: 50)
  Page 2: 50 items (total: 100)
  Page 3: 50 items (total: 150)
  Page 4: 50 items (total: 200)
  Page 5: 39 items (total: 239)

Unanimous Cannabis (47 expected)...
  Page 1: 47 items (total: 47)

Cali Cannabis Dispensary Uptown (407 expected)...
  Page 1: 50 items (total: 50)
  Page 2: 50 items (total: 100)
  Page 3: 50 items (total: 150)
  Page 4: 50 items (total: 200)
  Page 5: 50 items (total: 250)
  Page 6: 50 items (total: 300)
  Page 7: 50 items (total: 350)
  Page 8: 7 items (total: 357)

BlooMn (171 expected)...
  Page 1: 50 items (total: 50)
  Page 2: 50 items (total: 100)
  Page 3: 50 items (total: 150)
  Page 4: 20 items (total: 170)

Watchtower Dispensary (10 expected)...
  Page 1: 10 items (total: 10)

Verist Fields (92 expected)...
  Page 1: 50 items (total: 50)
  Page 2: 42 items (total: 92)

Pot Mama's - Edina (161 expected)...
  Page 1: 50 items (total: 50)
  Page 2: 50 items (total: 100)
  Page 3: 50 items (total: 150)
  Page 4: 11 items (total: 161)

Potshotz (22 expected)...
  Page 1: 22 items (total: 22)

Frostbite Dispensary (325 expected)...
  Page 1: 50 items (total: 50)
  Page 2: 50 items (total: 100)
  Page 3: 50 items (total: 150)
  Page 4: 50 items (total: 200)
  Page 5: 50 items (total: 250)
  Page 6: 50 items (total: 300)
  Page 7: 25 items (total: 325)

Twin Cities High (7 expected)...
  Page 1: 6 items (total: 6)

Lucky Strains Cannabis Dispensary (28 expected)...
  Page 1: 28 items (total: 28)

Green Rose (276 expected)...
  Page 1: 50 items (total: 50)
  Page 2: 50 items (total: 100)
  Page 3: 50 items (total: 150)
  Page 4: 50 items (total: 200)
  Page 5: 50 items (total: 250)
  Page 6: 25 items (total: 275)

DNA Dispensary (138 expected)...
  Page 1: 50 items (total: 50)
  Page 2: 50 items (total: 100)
  Page 3: 38 items (total: 138)

MnLooN - St. Paul (139 expected)...
  Page 1: 50 items (total: 50)
  Page 2: 50 items (total: 100)
  Page 3: 37 items (total: 137)

Fort Road Cannabis (425 expected)...
  Page 1: 50 items (total: 50)
  Page 2: 50 items (total: 100)
  Page 3: 50 items (total: 150)
  Page 4: 50 items (total: 200)
  Page 5: 50 items (total: 250)
  Page 6: 50 items (total: 300)
  Page 7: 50 items (total: 350)
  Page 8: 50 items (total: 400)
  Page 9: 21 items (total: 421)

Holy Smokes Cannabis (98 expected)...
  Page 1: 50 items (total: 50)
  Page 2: 47 items (total: 97)

Lake Daze (267 expected)...
  Page 1: 50 items (total: 50)
  Page 2: 50 items (total: 100)
  Page 3: 50 items (total: 150)
  Page 4: 50 items (total: 200)
  Page 5: 50 items (total: 250)
  Page 6: 16 items (total: 266)

Edina Canna (233 expected)...
  Page 1: 50 items (total: 50)
  Page 2: 50 items (total: 100)
  Page 3: 50 items (total: 150)
  Page 4: 50 items (total: 200)
  Page 5: 33 items (total: 233)

Hopkins Dispensary (173 expected)...
  Page 1: 50 items (total: 50)
  Page 2: 50 items (total: 100)
  Page 3: 50 items (total: 150)
  Page 4: 23 items (total: 173)

Feelin' MN (136 expected)...
  Page 1: 50 items (total: 50)
  Page 2: 50 items (total: 100)
  Page 3: 32 items (total: 132)

Fridley Dispensary (290 expected)...
  Page 1: 50 items (total: 50)
  Page 2: 50 items (total: 100)
  Page 3: 50 items (total: 150)
  Page 4: 50 items (total: 200)
  Page 5: 50 items (total: 250)
  Page 6: 37 items (total: 287)

Pot Mama's (217 expected)...
  Page 1: 50 items (total: 50)
  Page 2: 50 items (total: 100)
  Page 3: 50 items (total: 150)
  Page 4: 50 items (total: 200)
  Page 5: 14 items (total: 214)

Minnesota Canna (237 expected)...
  Page 1: 50 items (total: 50)
  Page 2: 50 items (total: 100)
  Page 3: 50 items (total: 150)
  Page 4: 50 items (total: 200)
  Page 5: 37 items (total: 237)

Loon Leaf (136 expected)...
  Page 1: 50 items (total: 50)
  Page 2: 50 items (total: 100)
  Page 3: 36 items (total: 136)

Nativecare - West St Paul (146 expected)...
  Page 1: 50 items (total: 50)
  Page 2: 50 items (total: 100)
  Page 3: 48 items (total: 148)

RISE Dispensary Eagan (10 expected)...

Fullmelt Factory (81 expected)...
  Page 1: 50 items (total: 50)
  Page 2: 31 items (total: 81)

Anoka Cannabis Company (324 expected)...
  Page 1: 50 items (total: 50)
  Page 2: 50 items (total: 100)
  Page 3: 50 items (total: 150)
  Page 4: 50 items (total: 200)
  Page 5: 50 items (total: 250)
  Page 6: 50 items (total: 300)
  Page 7: 24 items (total: 324)

Blaine Dispensary (216 expected)...
  Page 1: 50 items (total: 50)
  Page 2: 50 items (total: 100)
  Page 3: 50 items (total: 150)
  Page 4: 50 items (total: 200)
  Page 5: 6 items (total: 206)

Legacy Cannabis Woodbury (239 expected)...
  Page 1: 50 items (total: 50)
  Page 2: 50 items (total: 100)
  Page 3: 50 items (total: 150)
  Page 4: 50 items (total: 200)
  Page 5: 39 items (total: 239)

MN THC CO - LAKEVILLE (131 expected)...
  Page 1: 50 items (total: 50)
  Page 2: 50 items (total: 100)
  Page 3: 31 items (total: 131)

Legit Cannabis (39 expected)...
  Page 1: 39 items (total: 39)

High 10 Dispensary (90 expected)...
  Page 1: 50 items (total: 50)
  Page 2: 40 items (total: 90)

Green Box Cannabis (6 expected)...
  Page 1: 6 items (total: 6)

Litt Dispensaries LLC (29 expected)...
  Page 1: 25 items (total: 25)

higherplace (192 expected)...
  Page 1: 50 items (total: 50)
  Page 2: 50 items (total: 100)
  Page 3: 50 items (total: 150)
  Page 4: 39 items (total: 189)

Minne Organix (203 expected)...
  Page 1: 50 items (total: 50)
  Page 2: 50 items (total: 100)
  Page 3: 50 items (total: 150)
  Page 4: 50 items (total: 200)
  Page 5: 3 items (total: 203)

5D Dispensary (245 expected)...
  Page 1: 50 items (total: 50)
  Page 2: 50 items (total: 100)
  Page 3: 50 items (total: 150)
  Page 4: 50 items (total: 200)
  Page 5: 42 items (total: 242)

Green Canopy Craft Dispensary (393 expected)...
  Page 1: 50 items (total: 50)
  Page 2: 50 items (total: 100)
  Page 3: 50 items (total: 150)
  Page 4: 50 items (total: 200)
  Page 5: 50 items (total: 250)
  Page 6: 50 items (total: 300)
  Page 7: 50 items (total: 350)
  Page 8: 43 items (total: 393)

The Cannabis Co. (320 expected)...
  Page 1: 50 items (total: 50)
  Page 2: 50 items (total: 100)
  Page 3: 50 items (total: 150)
  Page 4: 50 items (total: 200)
  Page 5: 50 items (total: 250)
  Page 6: 50 items (total: 300)
  Page 7: 18 items (total: 318)

Green 2 Go Dispensary (133 expected)...
  Page 1: 50 items (total: 50)
  Page 2: 50 items (total: 100)
  Page 3: 32 items (total: 132)

Strains of the Earth (643 expected)...
  Page 1: 50 items (total: 50)
  Page 2: 50 items (total: 100)
  Page 3: 50 items (total: 150)
  Page 4: 50 items (total: 200)
  Page 5: 50 items (total: 250)
  Page 6: 50 items (total: 300)
  Page 7: 50 items (total: 350)
  Page 8: 50 items (total: 400)
  Page 9: 50 items (total: 450)
  Page 10: 50 items (total: 500)
  Page 11: 50 items (total: 550)
  Page 12: 50 items (total: 600)
  Page 13: 35 items (total: 635)

Northern Crown Cannabis (117 expected)...
  Page 1: 50 items (total: 50)
  Page 2: 50 items (total: 100)
  Page 3: 17 items (total: 117)

============================================================
TOTAL: 8538 products from 48 dispensaries
============================================================
  accessories: 3931
  edible: 1584
  flower: 1106
  beverage: 997
  pre-roll: 408
  concentrate: 259
  topical: 166
  tincture: 50
  seed: 37
  [normalize] Excluded 4250 non-cannabis or junk products

3024 unique products (559 at multiple dispensaries)
Saved to /Users/joshsundby/Code/apps/twincitycannabis/scraper/data/full_menu_products.json

Updated data.js: 3024 products (559 at multiple dispensaries)
Parsed 141 dispensary entries
Replaced TCC.reviews with 599 real Google reviews

Updated 81 dispensaries with Google data
Skipped 60 (no cache entry)
Found 141 dispensary IDs
Parsed 3024 product entries
Removed 0 orphaned price refs
Dropped 0 products with no valid prices
Kept 3024 products
Removed 200 orphaned reviews

Updated /Users/joshsundby/Code/apps/twincitycannabis/js/data.js
Saved history for 10042 products
Recorded prices for 2026-06-15: 124 products updated
Total products tracked: 10042
Products with 2+ data points: 9963
Exported 10042 price histories (424 with real variation)
[fort-road-cannabis] fetching https://fortroadcannabis.dispensary.shop/rec/menu
  parsed 15 unique products
[twin-cities-cannabis-richfield] fetching https://twincitiescannabis.dispensary.shop/rec/menu
  parsed 39 unique products

Wrote 54 products to scraper/data/dispensary_shop_products.json
dispensary.shop dispensaries: fort-road-cannabis, twin-cities-cannabis-richfield
Skipped 11 non-cannabis or unrecognized products
Added 43 dispensary.shop products to data.js
[lake-daze] fetching meadow org 2206
  raw: 198 products
  kept (cannabis only): 95

Wrote 95 products to /Users/joshsundby/Code/apps/twincitycannabis/scraper/data/meadow_products.json
Meadow dispensaries: lake-daze
Skipped 35 non-cannabis or unrecognized products
Added 60 Meadow products to data.js
Backfilled 0/3024 products with a strain type (0%)
  by type: {'indica': 0, 'sativa': 0, 'hybrid': 0}
  learned 394 strain phrases from real labels
Proposed brand merges: 72 clusters, 100 variant names -> canonical

  'Grasslandz'  <=  'Grasslandz-100MG THC'(1), 'Grasslandz-4G'(1)
  'Looner'  <=  'Looner 10mg'(10), 'Looner Drink'(8), 'Looner Gummies'(6), 'Looner Sodas'(5), 'Looner Lemonade Shots'(2), 'Looner drink'(1)
  'Unbound'  <=  'Unbound Flower'(7), 'UNBOUND-3.5g'(1), 'Unbound Preroll'(1), 'Unbound Prerolls'(1)
  'WYLD'  <=  'Wyld'(5), 'Wyld Gummies 5mg'(3)
  'RETRO BAKERY'  <=  'Retro Bakery'(28)
  'Minny Grown'  <=  'Minny Grown Gummies'(6), 'Minny Grown- 250 MG CBN'(3), 'Minny Grown- 50 MG THC'(3), 'Minny Grown 250mg CBN Gummies'(1), 'Minny Grown 250mg CBG Gummies'(1)
  'Dizgo'  <=  'Dizgo Preroll'(5), 'Dizgo 3.5g'(1)
  'Crested River'  <=  'Crested River Soda 10mg'(7), 'Crested River Sodas'(1)
  'Botany Farms'  <=  'Botany Farms Gummies'(2)
  'RYTHM'  <=  'Rythm'(4)
  'Pre Roll'  <=  'Pre-Roll'(17)
  '&SHINE'  <=  'Cartridge -Shine'(1)
  'Pre-Roll-IX'  <=  'Pre-Rolls-IX'(6), 'Pre-rolls-IX'(4), 'Pre-rolls 0.5 g-IX'(3), 'Pre-rolls 0.33 g-IX'(1)
  'Lake Leaf-4G'  <=  'Lake Leaf-4G Flower'(9), 'Lake Leaf-3.5g Flower'(2), 'Lake Leaf-4g'(1)
  'Natreum'  <=  'Natreum CBD Gummies'(7), 'Natreum Gummies 5mg'(3)
  'Natreum Nano Gummies'  <=  'Natreum Nano Gummies 5mg'(7)
  'Looner Legal THC Cannabis Soda 10mg'  <=  'Looner Legal THC Cannabis Soda 10mg, 12oz'(7), 'Looner Legal THC Cannabis Lemonade 10mg 12oz'(3)
  'Pre-Packaged-IX'  <=  'Pre-packaged Flower-IX'(2)
  'Hiza Kyte'  <=  'Hiza Kyte Shot'(3)
  'Oliphant'  <=  'Oliphant 10mg'(8)
  'Fulton NARC 3mg'  <=  'Fulton NARC 10mg'(5), 'Fulton NARC 5mg'(2)
  'MINNELEAF'  <=  'Minneleaf'(2)
  'MLLW'  <=  'Mllw'(1)
  'MAC Stomper'  <=  'Mac Stomper'(4)
  'RCWM'  <=  'RCWM Co.'(1)

Applied: rewrote brand on 296 products into 72 consolidated brands.
Backfilled images on 16 products (from matching siblings).
  +img: Chocolate Bar | Key Lime Pie
  +img: Dark Chocolate S\'mores 50mg thc
  +img: Dark Chocolate Sea Salt Bar
  +img: Granny\'s Pretzels (birthday cake)
  +img: Grape Soda*10mg
  +img: Live Resin Vape-IX | Dizgo Collective | Orion | 1g | | 1 ct
  +img: Loon Labs Hemp Lotion 1000MG
  +img: Looner - Dew 10MG THC Soda
  +img: Looner - Professor Pepper 10MG THC Soda
  +img: Milk Chocolate bar 50mg THC
Generated 48 real price-drop deals (from 61 detected drops).
  Top: Therapeutics Tinctures $89.95 -> $49.97 (-44%)
Wrote 30 dispensary comparison pages
Wrote 107 category-by-city pages
Wrote 39 strain-by-city pages
Wrote 6 dispensaries-near pages
Wrote market-insights page
Injected live counts: 141 dispensaries, 3,100+ products (3127 actual)
Cache-bust: data.js?v=efa8184c, app.js?v=57e2a4fb
Injected internal crawl footer + fixed dead legal links into index.html
SEO build complete: 605 static pages + sitemap.xml
  Dispensaries:    141
  Categories:      8
  Brands:          73
  Cities:          85
  Neighborhoods:   7
  Top products:    94
  Total products:  3127
Sitemap pages: 606 | served dirs: 608 | orphans: 1 (0%)
DELETE gastro-pop-minneapolis
Pruned 1 orphan page directories.
[main bb5bd265] Auto-update: 2026-06-15 09:13 - fresh prices
 73 files changed, 5581 insertions(+), 6025 deletions(-)
 delete mode 100644 gastro-pop-minneapolis/index.html
Pushed fresh data
Done: Mon Jun 15 09:13:20 CDT 2026
